text_1_length,text_2_length,text_1_word_count,text_2_word_count,length_difference,length_ratio,text_1_quality,text_2_quality,text1_length,text1_word_count,text1_char_count,text2_length,text2_word_count,text2_char_count,text1_punctuation,text2_punctuation,text1_uppercase,text2_uppercase,text1_numbers,text2_numbers,text1_unique_words,text2_unique_words,text1_vocab_richness,text2_vocab_richness,text1_sentence_count,text2_sentence_count,text1_avg_sentence_length,text2_avg_sentence_length,text1_avg_word_length,text2_avg_word_length,text1_space_terms,text2_space_terms,text1_space_ratio,text2_space_ratio,text1_measurements,text2_measurements,text1_complexity,text2_complexity,text1_info_density,text2_info_density,text1_repetition,text2_repetition,word_count_difference,word_count_ratio,vocab_difference,vocab_ratio,space_term_difference,space_term_ratio,complexity_difference,real_text_id
-0.14245889608173168,0.435667340825038,-0.1294771491154647,0.489759545919034,-0.2973972093493033,-0.4207980749780888,0.0,0.0,-0.12781995452360684,-0.1294771491154647,-0.1267871384647586,0.46557273158114426,0.489759545919034,0.45957949327578784,-0.5688120252349332,-0.3406713501397783,-0.1395576589226395,-0.4995968199644829,-1.0691596831409997,-1.0241751448383467,-0.06061337483443165,0.7971106869106447,0.6929850934447356,1.0677842965073703,-0.5615672786382873,-0.25512330602345634,1.8389122709754502,1.3076208663634987,0.3604991971906156,0.3966830929360208,-0.8805388221697804,3.737581414321082,-0.9372906643109563,2.9259492258115256,-0.565372502549439,-0.6488416526617485,1.881409755034407,1.3278327696964198,0.5528410479882571,0.9177230284458676,0.6929850933707946,1.0677842962659518,-0.3413409571961613,-0.48203626942991146,-0.33556437908566,-0.44935377717709557,-3.9141532537573003,-0.2593929424467302,0.75081524687583,1
-0.7064692115083416,-0.8175572638936217,-0.8295415976471945,-0.8771157304944918,-0.3433628734092736,-0.4251132091634346,0.0,0.0,-0.7174309904651534,-0.8295415976471945,-0.7027299247508263,-0.8411285211211219,-0.8771157304944918,-0.8304214418450337,-0.6134352748516624,-0.6513935705969387,-0.6130350302163827,-0.763327235200137,-1.0691596831409997,-1.0241751448383467,-0.6382667345146862,-0.61749857489295,0.4316286152598803,1.1867341586669882,-0.6823187919206133,-0.6266186463734014,-0.2823125143792831,-0.45455772916797804,-0.6752805530737666,-1.2564145703112384,0.021741699312834158,-0.24597245262787212,1.7276993120683541,0.5628105826537108,-0.565372502549439,-0.6488416526617485,-0.33810952527832666,-0.5202846722453345,1.535966301206349,2.323012382272692,0.43162861549107795,1.1867341587875058,-0.3639097034366935,-0.48801447636083334,-0.377486967770007,-0.48143922997166844,0.22437821199882615,-0.25939292235242506,0.14012128718627762,1
-0.23051998622268938,0.4571511911916436,-0.19498025541083125,0.6223050272682243,-0.3889217616811025,-0.4843680424130683,0.0,0.0,-0.21849564875830232,-0.19498025541083125,-0.22089864056426922,0.48464866227752773,0.6223050272682243,0.4619974894053489,-0.27876090272619364,0.12541198054596234,-0.22410718951080794,0.43360311086937015,0.057939220762933154,0.1308049777375062,-0.22448666836074502,0.6774129801426482,-0.1811071270367759,0.2482519166053971,-0.2596884954324722,0.48786737467643376,-0.056747255988966815,-0.3149079524918992,-0.029889629982044513,-0.20427853724828335,0.9240222207954488,0.7499160141093664,1.0090909038954572,0.2407833114667713,1.5048885729624775,0.868168408491072,-0.0595501351050855,-0.3254826387026308,-0.23765562919995178,0.4045853588466922,-0.1811071270935899,0.24825191642670308,-0.4617076038123329,-0.5660704267621373,-0.44608756743530203,-0.5207382407738371,0.22437821199882615,-0.2593929259406938,0.25303939513703283,1
0.023179821088164933,1.2193163589593183,0.1775686616440659,1.3181688043514739,-0.44180261413947536,-0.5075540819651542,0.0,0.0,0.0425802631444924,0.1775686616440659,0.027124380593816114,1.2540445336983268,1.3181688043514739,1.2393832450592273,-0.1672027786843707,0.7468564214602832,0.5030187735474406,2.036272557301422,-0.6183201215794266,-0.5621830958080055,-0.040129213143642484,1.1453221975084527,-0.657011911437854,-0.2273255097571724,-0.01818546886782009,0.8593627150263788,0.012745070970454988,-0.09690881999937045,-0.12454364969014699,0.7177762645617793,0.47288196005414146,0.7499160141093664,0.06754724498353927,-0.10833932960866895,0.12471452262119981,0.10966337791466174,0.0029422558701140277,-0.0591943578707536,-0.8230835484625976,-0.66319590663896,-0.6570119115435181,-0.22732550994042483,-0.43537739986504537,-0.5391631276764309,-0.43846527858360257,-0.5085017367314361,-0.1894749345767865,-0.2593929295289626,0.06100758343193504,1
-0.5936671484230196,-0.10142891834010187,-0.6412201670480158,-0.10669512015232269,-0.5154290317930561,-0.6101379345012852,0.0,0.0,-0.600034439475306,-0.6412201670480158,-0.5939135004482671,-0.1088247371655129,-0.10669512015232269,-0.11469458749496214,-0.5465004004265687,0.07362494380310226,-0.5538503588046648,-0.09385771960193809,0.43363885539757746,1.4397824499901395,-0.5153617643699512,0.06804283659648432,0.14038892012754822,0.6035943026685398,-0.44081576535596123,-0.0074597457901596316,-0.6737894042323072,-0.4526381428598623,-0.8396585953057173,-0.11013683147995885,-1.3316790829110878,-0.7439166859964913,-1.3922889529836113,-0.8285352412262242,-0.565372502549439,-0.6488416526617485,-0.745598606014525,-0.45820832201933864,1.31073150116083,0.712863624670772,0.1403889202150593,0.6035943025587862,-0.5406982156541955,-0.6653011624681491,-0.5032547338230479,-0.5873467337125271,-0.6033280811523991,-0.25939294388203776,-0.36395981504779246,1
2.7375580900520653,-0.22419377757784814,2.6298412035768504,-0.21438832374853986,2.6269139315987164,2.589109280589266,0.0,0.0,2.7400726549186705,2.6298412035768504,2.74998580852497,-0.21480212992319872,-0.21438832374853986,-0.21262343074218476,2.5325038231277444,-0.5478194971112186,2.489932742369399,-0.1952924946925743,1.4855978323745818,-0.40818574613122516,2.7662009384944737,-0.14958935752714564,2.1054502796973082,0.08193316681954721,2.5175963100610272,-0.6266186463734014,-0.6698746335825392,1.3882434143539861,2.450893642649868,-0.19224081449842495,1.375162481536756,-0.24597245262787212,-0.5437031875871524,-0.18527891394555504,-0.565372502549439,-0.6488416526617485,-0.48012017325062023,1.3775106917641873,0.13507509892153727,0.21434076005286243,2.105450279414397,0.0819331667735921,2.5136054422311584,2.4353586614781566,2.6256948397995754,2.5006770054313616,1.465937651725664,-0.25939290082281236,-1.8676966774746717,2
-0.22758461655132411,-0.3009218146014395,-0.10900742839816267,-0.2558087866701619,-0.09319576370235577,-0.17097538134170537,0.0,0.0,-0.22550439807112904,-0.10900742839816267,-0.23952487535479736,-0.302763365912078,-0.2558087866701619,-0.30692527979506584,-0.07795627945091235,-0.029949129682617877,-0.5115755935105806,-0.43873595491010114,-0.6934600485063555,0.6697957016062376,-0.22858350069890285,-0.08429969929005665,-0.6573285151436697,0.5805847733484802,-0.07856122550898312,0.11637203432648871,-0.4005231812538993,-0.9063983924896392,-0.6642706670288476,-0.6944487355626674,0.9240222207954488,-0.24597245262787212,0.8458903311031319,-0.15562902535999365,0.12471452262119981,2.3851784696438925,-0.45633511267584653,-0.942423351251354,-0.2072601718615318,1.1370908496457313,-0.6573285152129311,0.5805847732723636,0.015997524945598113,-0.09847431038636417,-0.18311860205167105,-0.2927555354348484,1.0520845051500514,-0.25939290799934994,0.42369390052814965,2
-0.3865139173295287,-0.7316218624271993,-0.452898736448837,-0.9682407489220601,-0.07082309535458263,0.009055347732963712,0.0,0.0,-0.38495344493793654,-0.452898736448837,-0.3757904877697138,-0.7468086415667815,-0.9682407489220601,-0.7095216353669811,-0.5688120252349332,-0.6513935705969387,-0.23256214256962476,-0.31701422480133773,-0.017200706163995712,-0.17718972161605456,-0.49897443501731986,-0.7589595010733096,-1.10290174470758,0.8155376770775415,-0.5615672786382873,-0.8742822066066981,0.5789366471060872,0.38852379180038726,0.26545802854469674,1.4146734676902557,-0.8805388221697804,-0.7439166859964913,-0.7775357096285466,-0.3282960236395929,0.8148015477918387,0.868168408491072,0.6043940646733132,0.46258692094976644,-1.848959285567527,0.041728767713317565,-1.102901744705798,0.8155376772756088,0.023520440359108837,0.20997797507251006,-0.19836317975506995,-0.1971078458201615,-0.1894749345767865,-0.2593929295289627,0.20601424068037064,2
-0.3131296755453973,-0.48404606296441105,-0.2195439202715937,-0.4629111012782718,-0.10499226155845433,-0.1379319245587366,0.0,0.0,-0.3161800923058245,-0.2195439202715937,-0.33020522894026333,-0.4914031250207587,-0.4629111012782718,-0.49190198370648636,-0.3233841523429228,-0.3406713501397783,-0.435481015981229,-0.23586640472882878,-0.6183201215794266,0.5157983519294572,-0.24497083005153417,-0.3236951128260496,-0.20575990119631915,0.3886039047781303,-0.2596884954324722,-0.25512330602345634,-0.11826505320049008,-0.5466977851001856,-0.8372554392535115,-0.928313077592347,1.375162481536756,-0.7439166859964913,1.550678701402179,-0.6917978439792323,-0.565372502549439,-0.6488416526617485,-0.1857007939181481,-0.5951629488321333,0.7057980195568873,1.0833498772734034,-0.2057599012482021,0.3886039047703358,0.008474609532087387,-0.05073136612423359,-0.11451800238637602,-0.18678747850869828,1.8797907983012765,-0.25939285776358745,0.37910580521154597,2
2.679270035149241,-0.47483869852158006,2.437425828834211,-0.5788883974588134,2.661083097802588,3.302785598015565,0.0,0.0,2.6686710212942484,2.437425828834211,2.693616940079951,-0.4765662900346827,-0.5788883974588134,-0.45925903595741213,2.5548154479361087,-0.23709727665405816,2.6252119913104686,0.5147509309418791,1.4855978323745818,1.4397824499901395,2.6678769623786858,-0.3998663807693201,2.313395256509202,0.599824915062322,2.336469040137538,-0.5027868662567531,-0.6650899160395883,-0.10327376058663336,2.7867108568829457,0.29968779602377255,0.9240222207954488,-0.24597245262787212,-0.6494346041138401,0.1369403571854076,0.8148015477918387,1.6266734390674824,-0.44860856821088557,-0.08749799386095494,0.06410088263043816,0.47072030553297206,2.3133952562250344,0.5998249150773317,2.5023210691108924,3.200611204676069,2.6218836953737257,3.042949347935275,1.0520845051500514,-0.25939290799934994,-0.4027653432905709,2
-0.4548660968198911,-0.16076526697167923,-0.5470594517484264,-0.28066106442313504,-0.3624813354519161,-0.464359540620446,0.0,0.0,-0.4537267975700486,-0.5470594517484264,-0.4414724736099973,-0.15333524212374094,-0.28066106442313504,-0.13282955846667005,-0.4572539011931103,-0.18531023991119808,-0.05500812833447105,0.6973335261050243,-0.6183201215794266,-0.5621830958080055,-0.49487760267916203,-0.24752384488277912,-0.4143728152543382,-0.09670506837826352,-0.6219430352794503,-0.5027868662567531,0.6148220282951766,0.6223291898047117,0.30728141755579774,0.9261295533733466,-0.42939856142847316,-0.24597245262787212,-0.022789153437179487,-0.13713454040071785,0.12471452262119981,0.10966337791466174,0.6438737582753093,0.6706446884356001,-0.9261279346354605,-0.6344720126660081,-0.41437281521659725,-0.09670506839613001,-0.3751940765569596,-0.5065783819608859,-0.3736758233441573,-0.4748071325333065,-0.1894749345767865,-0.2593929295289626,0.045802593344997,2
-0.6645353590602665,-0.4318709977883689,-0.7722263796387488,-0.529183841952867,-0.45237878463114994,-0.572342243603389,0.0,0.0,-0.672750213595883,-0.7722263796387488,-0.6595954862885506,-0.4490121679176844,-0.529183841952867,-0.4338700765970211,-0.6134352748516624,-0.44424542362549846,-0.6214899832751996,-0.47930986494635563,0.28335900154371974,0.3618010022526768,-0.6095889081475814,-0.3454583322384126,0.1893553088393993,0.6298990978493374,-0.6823187919206133,-0.25512330602345634,0.004770539069434385,-0.6756938652020072,-0.567568362674913,0.1366280651004463,-1.3316790829110878,-1.2418609193651107,-1.3922889529836113,-1.4009243460128733,0.8148015477918387,0.868168408491072,-0.04030406687585645,-0.6682101721153272,1.0029726811296236,0.6168406703225177,0.1893553090121033,0.6298990978452946,-0.46923051922584363,-0.6235022061402862,-0.44608756743530203,-0.5568605388792192,-0.1894749345767865,-0.25939294388203776,0.6086712230756497,1
2.506083224538691,0.052027155707080955,2.4005803315430674,0.04241854636551648,2.275459650644607,1.7877449528343947,0.0,0.0,2.4794347898479274,2.4005803315430674,2.484807044796662,0.07027705659497614,0.04241854636551648,0.07511810867558048,2.800243320828119,0.021837907060242193,2.853495723898523,-0.23586640472882878,0.9596183438860795,0.9777904009597984,2.5777466509392135,0.06804283659648432,2.180657158122253,-0.0003546936824562933,2.7590993366256793,-0.0074597457901596316,-0.9417064001382783,-0.21077049262863587,2.3234117346584386,0.36990148266038625,0.47288196005414146,-1.2418609193651107,-0.7922044420962495,-1.4009243460128733,-0.565372502549439,0.10966337791466174,-0.7641308239084219,-0.19126000201615498,0.33521265236323133,-0.22199243405958693,2.1806571578427407,-0.000354693767720692,2.1863586217434423,1.7665371986589835,2.3741593076934935,1.927123874436771,1.465937651725664,5.481837134018837,-0.644813426230727,2
-0.5085414279534272,-0.3101291790442705,-0.5265897310311243,-0.22267241633286428,-0.35109161338395883,-0.4510403916228245,0.0,0.0,-0.5115489794008689,-0.5265897310311243,-0.5086249516705856,-0.3228990705360383,-0.22267241633286428,-0.33956822754414,-0.368007401959652,-0.18531023991119808,-0.5284854996282143,-0.5807446400369919,1.260178051593795,0.20780365257589642,-0.4784902733265307,-0.16047096723332713,-0.3882142491282086,0.0667708177290671,-0.5011915219971242,-0.13129152590680798,-0.03829191767445506,-0.38545268469439453,-0.6761617888530937,-1.166517901033465,-0.8805388221697804,-0.24597245262787212,-0.7240789058611233,-0.17946242862493708,5.645410723986311,2.3851784696438925,-0.0923217759352617,-0.44649381771366303,0.2429250908887676,0.8406050315852007,-0.38821424909779007,0.06677081768603327,-0.38271699197047027,-0.5142763332544302,-0.38892040104755615,-0.48981286906800164,-0.6033280811523991,-0.25939293670550023,0.3355468846254079,1
-0.6913730246270346,-1.0231884031168468,-0.8131658210733529,-1.1504907857771969,-0.2493976663486264,-0.1865782008864432,0.0,0.0,-0.7007852108471899,-0.8131658210733529,-0.6870446744009079,-1.0456648891434557,-1.1504907857771969,-1.0238611322099178,-0.7473050237018499,-1.0139028277969593,-0.6891296077457343,-0.9459098303632821,-1.0691596831409997,-1.0241751448383467,-0.5850079141186344,-1.0201181340216654,1.101616900153116,0.041886815732719324,-0.8634460618441024,-0.8742822066066981,1.906695762899726,-0.3209546480501529,-0.5815427956652048,-1.1348073036490784,-0.42939856142847316,-1.2418609193651107,0.6269735251323126,-1.4009243460128733,-0.565372502549439,-0.6488416526617485,1.8748297669310698,-0.38036149037579337,2.4134867567656118,0.8241159861258154,1.1016169003914889,0.04188681610734945,-0.22473576828674507,-0.17485223343891199,-0.18692974647752078,-0.07583268955160226,0.6382313585744388,2.6112220950684,2.411772536592644,1
0.02066378994128043,1.0177773817106848,0.21441415893520957,1.3595892672730958,-0.3726507301554493,-0.4725566894786246,0.0,0.0,0.035133466999614026,0.21441415893520957,0.013889950611072429,1.0558668092414543,1.3595892672730958,1.0060466185565857,0.2567180926745564,1.212939752146024,-0.4862107343341301,-0.37787508985571944,-0.4680402677255689,-0.40818574613122516,-0.126162692244957,0.6556497607302852,-1.2999703168893004,-1.525532618172731,0.283693314337995,1.1070262752596756,-0.5881183732551698,-0.377774345262815,-0.37236688293874604,-0.42329925999943147,-0.42939856142847316,-0.24597245262787212,-0.6793019439244763,-0.7627104941630953,-0.565372502549439,-0.6488416526617485,-0.6221420700000471,-0.39981427730882757,-1.5224147922735891,-1.4962209403851576,-1.299970316990341,-1.5255326182260118,-0.42033156903802393,-0.5307114592511676,-0.3469978123632092,-0.45565994294986945,-0.1894749345767865,-0.2593929295289626,-0.28662892094530157,2
-0.49260656402315867,0.8008927970573332,-0.6330322787610949,0.7217141382801171,-0.7635622625592672,-0.7086711864154276,0.0,0.0,-0.4944651529508538,-0.6330322787610949,-0.47676428689731376,0.7930428752023935,0.7217141382801171,0.7956809552847741,-0.5688120252349332,0.38434716426026266,-0.4946656873929469,0.19015965065184326,0.20821907461679087,0.2848023274142866,-0.5071680996936355,0.6121233219055592,0.1667103733724009,-0.2383462828815502,-0.44081576535596123,0.7355309349097304,-0.6476909448143205,-0.5556558449323882,0.6921829099436925,1.1240054385104044,-1.3316790829110878,-0.24597245262787212,-1.3922889529836113,-0.6105666347485089,-0.565372502549439,-0.6488416526617485,-0.5975523820043787,-0.49640939146088564,-0.5242121703057927,-0.8997555278488789,0.1667103734560946,-0.23834628302280217,-0.909321070916221,-0.8602313208519293,-0.6861896662638346,-0.6838068310396801,-1.0171812277280117,-0.25939294388203776,-0.16553963437924757,1
-0.5387338017160412,0.042819791264249986,-0.6535019994783969,0.11697537962443606,-0.517869686521904,-0.6000455492621167,0.0,0.0,-0.5408981171483307,-0.6535019994783969,-0.5262708583142438,0.04060338662282412,0.11697537962443606,0.025549188019578905,-0.5018771508098395,0.021837907060242193,-0.1226477528050058,0.5553248409781336,-0.39290034079864,-0.17718972161605456,-0.5317490937225825,0.1877405433644808,0.047117797184746305,0.20255699049971532,-0.6219430352794503,0.11637203432648871,0.148312066357706,-0.3482422765356446,0.21938606065337096,-0.3946363135955087,0.021741699312834158,-0.24597245262787212,0.9654294519001051,-0.37978218306854594,0.12471452262119981,0.10966337791466174,0.16686556230901597,-0.3687916468224924,-0.18454519472631967,0.4621313805501396,0.04711779727713131,0.20255699038564418,-0.6535419468568564,-0.7446914114082788,-0.5604219002107937,-0.6270699550540448,0.22437821199882615,-0.25939292235242506,0.5417353984171559,1
-0.9815552835677143,-0.7377601053890867,-1.234842067849775,-0.9351043785847625,-0.6407159745405856,-0.9120234267685284,0.0,0.0,-1.0017233844666866,-1.234842067849775,-0.9723201651400495,-0.7542270590598196,-0.9351043785847625,-0.7228206140795669,-0.7919282733185791,-0.910328754311239,-0.7398593260986354,-0.9661967853814094,-1.0691596831409997,-0.9471764699999565,-0.9373354952002081,-0.6283801845991316,1.4319577209253946,1.5928475343249147,-0.8634460618441024,-0.9981139867233464,-1.7894985462923025,1.5091772340851646,-1.3893847831113302,0.8102727248987575,-1.3316790829110878,-0.24597245262787212,-1.3922889529836113,0.6745678550077637,-0.565372502549439,-0.6488416526617485,-1.9134001712482025,1.5510012156530901,4.479887999834309,1.2159750959988198,1.4319577229836387,1.5928475344648714,-0.7099638124581868,-1.0886498943085692,-0.6518893664311871,-0.8688957096080038,-1.0171812277280117,-0.25939294388203776,-3.5969230616798256,2
-0.46283352878502537,-0.8564328026522413,-0.43652295987499534,-1.0179453044280065,-0.1115006741687156,0.009700665287483187,0.0,0.0,-0.4813237479893037,-0.43652295987499534,-0.48607740429257784,-0.8739815128760046,-1.0179453044280065,-0.8473474147519611,-0.4126306515763811,-0.858541717568379,-0.5200305465693974,-0.7024663701457553,-1.0691596831409997,-1.0241751448383467,-0.3801662972107427,-0.922183646666032,-0.02762835699543151,-0.16865029788010544,-0.44081576535596123,-0.8742822066066981,-0.021327918782644725,0.19502967184114925,-1.0562826498561335,0.037083463214010626,0.9240222207954488,-0.7439166859964913,1.627787024199728,-0.2713423074124235,-0.565372502549439,-0.6488416526617485,-0.10544219040722069,0.1968854049910057,1.35002971765075,-0.2048136189452183,-0.02762835699275518,-0.16865029760722997,0.06113501742666246,0.31921423387252457,-0.030672825017682093,0.1759260420177169,1.465937651725664,-0.25939287211666245,-0.3070166027360633,2
-0.5856997164578854,0.5420635521644181,-0.6944414409130011,0.9039641751352538,-0.7582741773134299,-0.731932340251399,0.0,0.0,-0.5917115496663243,-0.6944414409130011,-0.5787184141717836,0.5439960022218318,0.9039641751352538,0.4813414584418373,-0.5911236500432978,0.5397082744888428,-0.6637647485692838,0.1495857406155888,-0.4680402677255689,2.2097691983740413,-0.5727174171041609,0.5794784927870147,-0.10200043423600923,-0.7936340126231691,-0.5615672786382873,1.2308580553763238,-0.3620578061634373,-0.9204932431069002,-0.11742884175646041,-1.2265145386269436,-0.42939856142847316,0.2519717807407471,0.2742108030730706,-0.2909872123655094,-0.565372502549439,3.1436835002203027,-0.3741169671900095,-0.9844349425352632,-0.020880872096551054,-0.17374673418599323,-0.1020004341235714,-0.7936340127243611,-1.0484950060661693,-0.9239523759996224,-0.735734543799881,-0.7206101906122916,-0.6033280811523991,-0.259392934313321,0.5541959980197723,1
-0.3592569132382799,0.09908701841488368,-0.27685913828003944,0.21638449063632884,-0.37183717857916665,-0.47304390287610876,0.0,0.0,-0.35166188570200974,-0.27685913828003944,-0.35961507334636045,0.11796688333593477,0.21638449063632884,0.10413406223031312,-0.1672027786843707,0.48792123774598284,0.0718161675477816,1.0219248063950601,0.28335900154371974,0.438799677091067,-0.3514884708436379,0.12245088512739181,-0.7633296092035923,-0.39524025881289426,-0.3804400087147982,-0.13129152590680798,0.19615924327676995,0.39145552508038606,-0.7780596081275596,-0.3971994124015308,-0.8805388221697804,-0.7439166859964913,-0.8761714912079548,-0.9137381995690764,-0.565372502549439,-0.6488416526617485,0.13579565912512198,0.3704286279496205,-0.22256132682619795,-0.20330499533650134,-0.7633296092425499,-0.3952402588880096,-0.3526253303164274,-0.4881561855321655,-0.36986467891830754,-0.4707818710821269,-0.1894749345767865,-0.2593929295289627,-0.21395462616056546,2
-0.4829617779601014,-0.22214769659055236,-0.563435228322268,-0.32208152734475703,-0.36492199018076404,-0.46660515413693265,0.0,0.0,-0.48088570115725204,-0.563435228322268,-0.46990198986922443,-0.212682582068045,-0.32208152734475703,-0.19448845977047688,-0.5018771508098395,-0.44424542362549846,-0.6383998893928332,-0.7227533251638826,-0.31776041387171117,-0.25418839645444474,-0.519458596708109,-0.4107479904755016,-0.5673339222247822,-0.7265152424010081,-0.5011915219971242,-0.3789550861401047,-0.16747929178174395,0.0803664927803938,0.10298082263007373,0.7125141600457705,-0.8805388221697804,-0.7439166859964913,-0.6937057219025442,-0.7529915015120241,-0.565372502549439,-0.6488416526617485,-0.16055526751801322,0.11772258884797189,-0.9316775577434983,-1.1882047130206421,-0.5673339221825046,-0.7265152423616511,-0.3714326188502042,-0.5024949509450822,-0.33937552351150974,-0.4346843652491339,-0.1894749345767865,-0.2593929295289627,-0.28968934621379,1
-0.5856997164578854,-0.8093729399444386,-0.7312869382041447,-0.9185361934161137,-0.2327198590348319,-0.23248302463959905,0.0,0.0,-0.5899593623381176,-0.7312869382041447,-0.5728364452905642,-0.8209928164971616,-0.9185361934161137,-0.8014054882903011,-0.7249933988934854,-1.0656898645398192,-0.7483142791574522,-0.9053359203270277,-1.0691596831409997,-0.8701777951615663,-0.5276522613844247,-0.5739721360682241,0.9283723923956548,1.8769792197330417,-0.8634460618441024,-1.1219457668399948,2.6244033957525468,3.2694362355687607,0.37953594226504067,-0.45196220640335244,0.47288196005414146,-0.7439166859964913,2.1317742254170753,-0.3797821831093915,-0.565372502549439,-0.6488416526617485,2.6743277685539955,3.2442007600688942,0.8417815157272975,2.4670630583889324,0.92837239255673,1.876979219847871,-0.254827429940788,-0.30064278895145863,-0.2898306459754633,-0.3629861082325958,1.0520845051500514,-0.25939288646973757,-0.25767793608930567,1
-0.4762523615684094,-0.09631371587186244,-0.452898736448837,-0.007286009140429909,-0.41942994579170223,-0.5183545725613424,0.0,0.0,-0.49139882512649213,-0.452898736448837,-0.49588068576127686,-0.09610745003459059,-0.007286009140429909,-0.11106759330062056,-0.34569577715128735,-0.08173616642547794,-0.3678413915106943,-0.601031595055119,-0.7685999754332843,0.2848023274142866,-0.3924567942252162,-0.12782613811478263,-0.03176609966707922,-0.6314569187550056,-0.3200642520736352,0.24020381444313707,-0.5252289425824579,-0.7424954059099894,-1.05543509344598,-0.6676748364827204,1.375162481536756,0.7499160141093664,2.296230507146777,0.7717185538631274,-0.565372502549439,-0.6488416526617485,-0.6130696434687722,-0.7771912523381427,1.3337422512807124,-0.32585335611923066,-0.03176609965921013,-0.6314569187791194,-0.4128086536245132,-0.5408096972880181,-0.3203198013822611,-0.42229088823358624,0.6382313585744388,-0.259392922352425,0.09176769086097414,2
0.24668725463640517,-0.6712624733019741,0.4846144724035965,-0.8191270824042209,0.5173746942977803,0.8612681900678597,0.0,0.0,0.27562117779598033,0.4846144724035965,0.25112936215358883,-0.6811026580570163,-0.8191270824042209,-0.656325720516638,-0.5465004004265687,-0.7031806073397988,-0.5961251240987491,-0.8241881002545187,-0.9940197562140709,0.1308049777375062,0.2343585535129324,-0.4869192584187721,-0.2951035818934624,1.6839333479280822,-0.5615672786382873,-0.7504504264900497,4.23127105047424,0.23265352972714434,-0.06724125856930824,0.3700875098567913,-1.3316790829110878,-1.2418609193651107,-1.3922889529836113,-1.4009243460128733,-0.565372502549439,-0.6488416526617485,4.25778328196865,0.2519681583085132,-0.35791574281769456,1.6166823646442807,-0.29510358203172815,1.6839333479877299,0.8171880164844902,1.3547806221323964,0.3885530618257876,0.4808656227549567,-0.1894749345767865,-0.25939294388203776,4.3875923427712396,2
-0.46157551321158313,-0.5976035577593264,-0.5552473400353471,-0.8025588972355722,-0.19366938337326423,-0.22431730632436322,0.0,0.0,-0.4620496873790303,-0.5552473400353471,-0.44980526285839145,-0.6132771266920974,-0.8025588972355722,-0.5813678405002453,-0.4349422763847457,-0.9621157910540992,-0.34247653233424374,-0.21557944971070153,-0.017200706163995712,-0.8701777951615663,-0.4743934409883729,-0.639261794305313,-0.1193108399235553,0.4709711052667052,-0.44081576535596123,-0.8742822066066981,-0.39975558034344916,1.0335041916645142,0.2789365297894995,1.1119211427142484,-0.8805388221697804,0.2519717807407471,-0.7006915542130057,1.3539555899000124,0.8148015477918387,-0.6488416526617485,-0.38059531030111204,1.091379524354954,-0.4842332641300501,-0.1426977718414371,-0.11931083987936428,0.47097110538337034,-0.14574515644488245,-0.1535525508421132,-0.21741890188431856,-0.25349591358943346,-1.0171812277280117,-0.25939293909767935,-1.4799678095517068,1
-0.4909292099252357,-0.44619356469943927,-0.48974423373998066,-0.6368770455490842,-0.28560071149320476,-0.36888545709008264,0.0,0.0,-0.49534124661495715,-0.48974423373998066,-0.49588068576127686,-0.4543110375555687,-0.6368770455490842,-0.42419809207877684,-0.5018771508098395,-0.4960324603683585,-0.5623053118634816,-0.7227533251638826,-0.16748056001785344,-0.10019104677766437,-0.4293282852686367,-0.4542744293002276,-0.1381930387698798,0.6181247715376578,-0.6219430352794503,-0.7504504264900497,0.8660197001076614,0.8238855631330051,-0.8006914199192066,1.1943673872264267,-0.42939856142847316,-0.24597245262787212,-0.11155302932959811,0.20464509254208016,0.12471452262119981,0.10966337791466174,0.8089006083938355,0.8861849510392136,0.7910807285691164,-0.03830565193012017,-0.13819303875037806,0.6181247715729321,-0.1607909872719039,-0.2181956971461734,-0.24028576843941693,-0.31225365792415033,-0.1894749345767865,-0.2593929295289626,0.014914123599114905,2
-0.25442228211809215,0.4008839640410099,-0.16222870226314798,0.5808845643466024,-0.3913624164099505,-0.48643961014608494,0.0,0.0,-0.24258822452114412,-0.16222870226314798,-0.2512888131172362,0.43271973982626166,0.5808845643466024,0.41001057261978624,-0.23413765310946444,0.3325601275174026,-0.5031206404517637,-0.37787508985571944,-0.16748056001785344,-0.17718972161605456,-0.3310043091528487,0.26391181130775127,-1.17277051983141,-0.9583420816642053,-0.3200642520736352,0.24020381444313707,0.2587286269674729,0.07524760211198434,-0.4769341771808681,-0.3067473164055171,-0.8805388221697804,-0.7439166859964913,-0.9249934132661648,-0.9837911095129539,0.12471452262119981,0.10966337791466174,0.2227696676827808,0.05911434191824774,-1.2141533737859307,-0.9040390256682538,-1.172770519889451,-0.9583420817251708,-0.4128086536245132,-0.5328671371867945,-0.40035383432510535,-0.49484687497769536,-0.1894749345767865,-0.2593929295289627,0.18470772629803217,2
-0.6808895615150158,-0.9413451636250159,-0.8090718769298925,-1.2001953412831432,-0.27217711048454085,-0.2676535035433539,0.0,0.0,-0.6911481805420532,-0.8090718769298925,-0.6757709007119039,-0.9630025227924607,-1.2001953412831432,-0.9223052947683537,-0.8142398981269436,-1.0139028277969593,-0.7144944669221849,-0.7836141902182643,-1.0691596831409997,-1.0241751448383467,-0.6218794051620549,-0.878657207841306,0.4402142387070793,2.071361287232984,-0.7426945485617763,-0.9981139867233464,0.2918535917320909,0.21921643500189097,-0.427102526720867,1.4411421595398468,-1.3316790829110878,-0.7439166859964913,-1.3922889529836113,0.0017434601313021788,-0.565372502549439,-0.6488416526617485,0.26010466139810184,0.294747175479014,1.1958293936825264,1.3011017955927036,0.44021423891901057,2.071361287624269,-0.19840556433945752,-0.09110049429025084,-0.2707749238462147,-0.29118563833832023,-0.6033280811523991,-0.25939294388203776,-0.004766073976972285,2
-0.2628090526077072,0.3507549798522635,-0.19498025541083125,0.4152027126601144,-0.3791591427657106,-0.47801143484955994,0.0,0.0,-0.25178720799422916,-0.19498025541083125,-0.25766094607189055,0.37867126951984187,0.4152027126601144,0.37253163261158995,-0.07795627945091235,0.6432823479745631,-0.21565223645199108,0.31188138076060673,0.8844784169591506,0.7467943764446278,-0.38835996188705835,0.03539800747793983,-1.468529777338356,-1.2902218019398848,-0.01818546886782009,0.7355309349097304,-0.7129370925473348,-0.8871041064524343,-0.34579200290711115,0.25690882374200236,-0.42939856142847316,-0.24597245262787212,-0.4317370102319839,-0.508317560217883,0.12471452262119981,0.10966337791466174,-0.7457883499168011,-0.8732099390890755,-1.7995181319021132,-1.5722447407729256,-1.4685297773899704,-1.2902218019554337,-0.36767116114344883,-0.5009529560028598,-0.3736758233441573,-0.47417284890563854,-0.1894749345767865,-0.2593929295289626,0.04109891309183547,1
-0.45696278944229485,0.2504970114747707,-0.5347776193180451,0.3157936016482216,-0.5186832380981867,-0.5869524052463992,0.0,0.0,-0.4581072658905653,-0.5347776193180451,-0.4483347706380866,0.24302020679000405,0.3157936016482216,0.22866086290270732,-0.4572539011931103,0.28077309077454254,-0.3593864384518774,0.23073356068809775,-0.6934600485063555,-0.6391817706463957,-0.4129409559160054,0.2856750307201143,0.3972910489251082,-0.11803704669864248,-0.44081576535596123,0.11637203432648871,-0.33450943179848264,-0.05055901469351423,0.11502480489538552,-0.11559849542343502,0.021741699312834158,1.745804480846605,0.6318985556157517,1.3941728153408819,-0.565372502549439,-0.6488416526617485,-0.32788569205219514,-0.05660227915041364,0.4244091756560454,-0.07538747434618145,0.39729104896639333,-0.11803704681065999,-0.6347346583230795,-0.7091553082728622,-0.48419901169379925,-0.5600655956473406,-1.4310343743036242,-0.2593929367055002,-0.3015562403588901,1
-0.28587267145414846,-0.5515667355451714,-0.3014228031408019,-0.6782975084707061,-0.057806270134060075,-0.05488985111152192,0.0,0.0,-0.29296361020708606,-0.3014228031408019,-0.2924625952857721,-0.5581688824581008,-0.6782975084707061,-0.5366349121033658,-0.368007401959652,-0.5478194971112186,0.02108644919488054,-0.31701422480133773,-0.6183201215794266,-0.40818574613122516,-0.3105201474620595,-0.5739721360682241,-0.27250430757667826,0.1144588510235618,-0.3804400087147982,-0.5027868662567531,0.1243884798718698,-0.34514141071708154,0.002616965338794031,0.37144607210932395,0.021741699312834158,-0.7439166859964913,0.19152188391437805,-0.5720751877995086,-0.565372502549439,-0.6488416526617485,0.1255329788878747,-0.3254875481281713,-0.41690700742749714,-0.09502961638121134,-0.2725043076108142,0.11445885110657919,0.03104335577261956,0.05757147719884457,-0.08783999140542795,-0.09093013527871044,0.6382313585744388,-0.2593929008228126,0.454465947758125,2
-0.4812844238621784,0.9768557619647694,-0.5593412841788076,1.467282470869313,-0.834748025484,-0.7294387411244048,0.0,0.0,-0.48395202898161377,-0.5593412841788076,-0.47382330245670407,1.0039378867901882,1.467282470869313,0.9322977366049736,-0.368007401959652,1.6272360460889044,-0.29174681398134267,0.5147509309418791,0.133079147689862,0.1308049777375062,-0.4743934409883729,1.0800325392713637,-0.08600605699230823,-0.6994708039114895,-0.5011915219971242,1.2308580553763238,-0.15312513910315637,-0.4220992969871025,0.017670345358833918,-1.0756266756500945,0.9240222207954488,2.7416929475838434,2.0830748599331317,1.07157483791073,0.8148015477918387,0.868168408491072,-0.1528735497931857,-0.47835338554480245,-0.14746221094054787,-0.13168005777284814,-0.08600605694606867,-0.6994708040542719,-1.180146025802607,-0.9234047374161534,-0.819579721168575,-0.7237410212425396,-1.4310343743036242,-0.2593929349113658,0.3007618687206873,1
-0.014560646115102648,0.6075381437578827,0.05475033734025365,0.6637254901898464,-0.2453299084672131,-0.3907261003146684,0.0,0.0,-0.003414654220932849,0.05475033734025365,-0.010618253060675134,0.6308974642831342,0.6637254901898464,0.6240032300859394,-0.1672027786843707,0.5397082744888428,-0.1987423303343574,0.37274224581498844,-1.0691596831409997,-0.716180445484786,-0.05651654249627382,0.5468336636684702,-0.23976047983337273,-0.28167222287098126,-0.13893698215014613,0.24020381444313707,0.12139803204895724,0.190422673664375,0.21338235210202655,0.4845334818897178,0.021741699312834158,-1.2418609193651107,-0.20329629031535507,-1.4009243460128733,-0.565372502549439,-0.6488416526617485,0.13927171961797474,0.21576310985564576,-0.5934744632369233,-0.5933798758301736,-0.23976047992944213,-0.2816722230031394,-0.2510659722340326,-0.42257083434899595,-0.24409691286526664,-0.38368812465763463,1.0520845051500514,4.046529614543618,-0.05913481358510607,2
2.4528272319296356,0.07351100607368655,2.367828778395384,0.11697537962443606,2.245358242322149,1.7378310461493018,0.0,0.0,2.4549041672530336,2.367828778395384,2.4637299896389586,0.0893529872913596,0.11697537962443606,0.08599909125860522,2.5101921983193796,-0.39245838688263834,2.3631084464871464,-0.33730117981946495,0.9596183438860795,-0.25418839645444474,2.4876163394997413,-0.02989165075914916,2.035682552651985,-0.6561210759657764,2.5175963100610272,-0.3789550861401047,-0.8229855956150666,1.029920971202185,2.349428977683152,0.014834349317667295,2.277443003019371,0.2519717807407471,-0.18161516953044912,0.13078889840361776,-0.565372502549439,-0.6488416526617485,-0.6424483295571106,1.0302218950949857,0.15330848744204428,-0.7421228083115925,2.035682552377354,-0.6561210760052408,2.122413840728601,1.630003395859542,2.3246144301574474,2.0171081780843765,1.8797907983012765,-0.2593929056071707,-1.7052137120410267,2
2.8428120596967337,-0.5761197073927208,2.7813171368848852,-0.47119519386259623,2.8644709918732527,3.9399252395263384,0.0,0.0,2.844765847779019,2.7813171368848852,2.8494891154322652,-0.5804241349372148,-0.47119519386259623,-0.59224882308327,2.9118014448699423,-0.44424542362549846,2.5660273198987507,-0.1547185846563198,1.1098981977399371,0.053806302899116025,2.880912243962893,-0.5086824778311351,2.0384602581696343,-0.5868032098158206,3.0006023631903314,-0.6266186463734014,-0.8670331425548392,0.6741579712392248,2.3428204135023085,-1.8183589459078109,0.47288196005414146,-0.7439166859964913,-0.8471875549159291,-0.6878362434094333,-0.565372502549439,-0.6488416526617485,-0.6873527545882944,0.5784162890716107,0.16034235689002796,0.5388330452963507,2.038460257885361,-0.586803209751898,2.7693845662905234,3.250451903049365,2.8581746497764087,3.650140785364528,1.0520845051500514,-0.25939288646973757,-1.3128764311508092,2
-0.5613780820380019,-0.7019536881114107,-0.6494080553349366,-0.7777066194825989,-0.24980444213676772,-0.2856774379515746,0.0,0.0,-0.5641145992470692,-0.6494080553349366,-0.5527397182797312,-0.713955649811899,-0.7777066194825989,-0.6998496508487368,-0.7919282733185791,-0.8067546808255189,-0.6045800771575659,-0.844475055272646,-0.7685999754332843,-1.0241751448383467,-0.4743934409883729,-0.5957353554805871,0.7419094508977283,0.6052890974832507,-0.8634460618441024,-0.8742822066066981,3.342111028605367,1.1302512516441336,-0.1924454951007738,-0.5683441497496611,0.47288196005414146,0.2519717807407471,1.7335749962417544,1.2957539011172194,-0.565372502549439,-0.6488416526617485,3.351977636571371,1.099899934765618,1.325648837649724,1.0769979820762323,0.7419094510002551,0.6052890975802429,-0.24354305682052188,-0.30830192521446526,-0.23266347958771746,-0.2825350649181197,0.22437821199882615,-0.25939292474460424,2.573786224145051,1
-0.19739224278871004,0.3384784939284889,-0.035316433815875334,0.49804363850335837,-0.31041403456982586,-0.42783181115160857,0.0,0.0,-0.1838899490262205,-0.035316433815875334,-0.2008019135534362,0.3638344345337659,0.49804363850335837,0.3423066809920768,-0.05564465464254776,0.6950693847174231,-0.4185711098635953,-0.21557944971070153,1.5607377593015106,1.67077847450531,-0.20400250666995584,0.34008307925102177,-0.8224562087679823,-0.48409536868780106,-0.3804400087147982,0.24020381444313707,0.9019050834249536,-0.039927469440406316,-0.7292800945166956,-0.31456819883397324,-0.8805388221697804,-0.24597245262787212,-0.9692936020453631,-0.5384731948721004,0.8148015477918387,0.868168408491072,0.8507319631842543,-0.05641776729007131,-0.37801356832877836,-0.3606464126889434,-0.8224562088467409,-0.48409536878571613,-0.25858888764754334,-0.42233002647490003,-0.30888636810471193,-0.42439751123416475,-0.6033280811523991,-0.25939293670550023,0.9809264595348978,1
-0.11352453789255987,-0.30910613855062263,0.042468504909872425,-0.446342916109623,0.02029468118907524,-0.0439683052729884,0.0,0.0,-0.10810784708128174,0.042468504909872425,-0.1277674666116285,-0.3144208791154234,-0.446342916109623,-0.2924173030176995,-0.05564465464254776,-0.39245838688263834,-0.3593864384518774,-0.31701422480133773,-0.4680402677255689,-0.40818574613122516,-0.08929120120153648,-0.3236951128260496,-0.39766203522973903,0.302107029957119,0.04219028777334293,-0.25512330602345634,-0.39563476996110003,-0.5144487650747304,-0.5605325754850755,0.811187293519577,3.630863785243293,1.745804480846605,3.0051511548991447,2.807079072650862,-0.565372502549439,-0.6488416526617485,-0.44316475920075943,-0.4716383888734428,0.055349356074179706,-0.15100412893228599,-0.39766203532263433,0.3021070299507414,0.24168498735091984,0.2182979328187216,0.030305485795913495,-0.025716031968817457,1.8797907983012765,-0.2593929175680666,-0.021712930993938725,2
-0.40580348945564326,-0.8369950332729316,-0.3587380211492476,-1.0013771192593577,-0.048450427006809495,0.11572618384445428,0.0,0.0,-0.40685578654052,-0.3587380211492476,-0.4120626292039002,-0.8580849039623517,-1.0013771192593577,-0.8316304399098142,-0.3233841523429228,-0.6513935705969387,-0.21565223645199108,-0.33730117981946495,-0.6934600485063555,-0.7931791203231762,-0.3514884708436379,-0.7807227204856725,-0.2807785580640783,0.9174998150102401,-0.3200642520736352,-0.6266186463734014,-0.271270856671917,-0.8000829435783463,-0.7860172451768813,0.0671753818813515,-0.42939856142847316,-0.24597245262787212,-0.27680927753635565,0.8189499211531663,-0.565372502549439,-0.6488416526617485,-0.33578612581782824,-0.7961865060047728,0.5511538628136801,0.9868624334950682,-0.28077855808427726,0.9174998152284908,0.1250797984415036,0.4237692359888081,-0.053539691572780435,0.04521192076773887,-0.1894749345767865,-0.2593929295289626,0.4120786630762472,2
2.6142725638547244,-0.3162674220061578,2.7321898071633606,-0.17296786082691787,2.5484062044874394,2.7278862703033373,0.0,0.0,2.6143532141198413,2.7321898071633606,2.5965644535398305,-0.3144208791154234,-0.17296786082691787,-0.3323142391554569,2.710996821594661,-0.13352320316833802,2.659031803545736,-0.1547185846563198,1.1850381246668662,0.438799677091067,2.684264291731317,-0.20399740605805314,1.6999675431792494,-0.34360219833354405,2.819475093266842,-0.13129152590680798,-0.7946453454027642,-0.29750081188970257,1.8325548564239902,-1.3988869208239623,3.630863785243293,2.243748714215224,0.12467443421104321,2.7548867822218637,0.12471452262119981,0.10966337791466174,-0.6549760373580747,-0.37077765855089156,0.2520608598865813,0.5339268365931977,1.699967542905757,-0.34360219835367445,2.588834596366266,2.441772768408412,2.5685276734118294,2.545884168173562,1.465937651725664,-0.2593929213272053,-0.3507167712034467,2
-0.5668294828562516,-0.3254747864489888,-0.5920928373264909,-0.404922453188001,-0.4064131205711797,-0.5122753653474496,0.0,0.0,-0.5737516295522059,-0.5920928373264909,-0.5703856249233895,-0.3292577141014994,-0.404922453188001,-0.3153882662485295,-0.4126306515763811,0.021837907060242193,-0.3086567200989764,0.6973335261050243,0.43363885539757746,0.438799677091067,-0.4907807703410042,-0.2801686740013236,-0.0011375734224725,0.32355253612374785,-0.3804400087147982,-0.13129152590680798,-0.7248988870861139,-0.7079428849782654,-0.9324772894200926,0.2729103510874373,-0.8805388221697804,-0.24597245262787212,-0.6681031951103378,-0.035761026586982124,2.8850626233037557,2.3851784696438925,-0.8044701450449444,-0.6932920242914781,1.217842996471012,0.1917813000227384,-0.0011375733610591964,0.3235525361043604,-0.3601482457299381,-0.48937119671680246,-0.35843124564075834,-0.45843970916562876,-0.6033280811523991,-0.25939293670550023,-0.19845999701526648,2
-0.4754136845194479,0.16558465050199625,-0.5265897310311243,0.23295267580497764,-0.5113612739116428,-0.5847501563418459,0.0,0.0,-0.47431499867647703,-0.5265897310311243,-0.46696100542861474,0.18473264077327683,0.23295267580497764,0.1778829441819252,-0.12257952906764151,1.0057916051745834,0.08027112060659844,1.8334030071201497,-0.39290034079864,-0.331187071292835,-0.45800611163574156,0.07892444630266582,-0.1643146577744538,-0.6115608884111365,-0.6219430352794503,0.24020381444313707,0.7045354825139213,-0.40848769840805627,-0.17804326458864136,-0.008555111276009377,-0.8805388221697804,-0.7439166859964913,-0.7240789058611233,-0.9174290037086624,0.12471452262119981,0.10966337791466174,0.6956888838312131,-0.4087472538951707,-0.03398337682305044,-0.6793438643492404,-0.1643146577418979,-0.6115608884690474,-0.5895971658420152,-0.6802634080439526,-0.45370985628700145,-0.5436176669034424,-0.1894749345767865,-0.2593929295289627,1.156260038912687,1
-0.14203955755725092,2.419342858008288,0.042468504909872425,3.132385080318517,-1.0483053142581982,-0.717661905608639,0.0,0.0,-0.13088628234796854,0.042468504909872425,-0.1508051780630712,2.4144969843949866,3.132385080318517,2.298465549806968,-0.1448911538760061,1.9379582665460648,-0.02118831609920368,1.853689962138277,1.0347582708130083,2.671761247404383,-0.2900359857712704,1.678521073111346,-1.710386633579568,-1.9585427098727515,0.344069070979158,2.964502977009401,-0.940211176438568,-0.6989848221230793,-0.7253130964836766,-0.7334699527045093,-0.8805388221697804,0.7499160141093664,-0.9925216704488152,-0.5693753533674807,1.5048885729624775,3.1436835002203027,-1.0049380084277628,-0.7371538303125689,-1.7883131093603901,-1.8403734141556805,-1.710386633659522,-1.958542709930048,-1.3832647419673967,-0.8577002450793774,-0.8576911654270722,-0.6974193761356021,-1.4310343743036242,-0.25939294029376897,-0.37379186973344863,1
0.22991371365717514,-0.19657168424935523,0.5255539138382006,-0.24752469408583747,0.29812254448960346,0.20567660114565184,0.0,0.0,0.23663500974338178,0.5255539138382006,0.20260311888352867,-0.20420439064743012,-0.24752469408583747,-0.1956974578352574,0.23440646786619185,0.07362494380310226,-0.03809822221683737,-0.03299685454755637,1.4855978323745818,0.20780365257589642,0.04590426595767203,-0.16047096723332713,-1.3531056775851054,0.17671328163774244,0.5251963409026471,0.24020381444313707,-0.5428138010094287,-1.076503113411922,-0.47912459065203583,0.16725284656126982,1.375162481536756,0.2519717807407471,0.39632500940504484,0.4579509505932003,1.5048885729624775,-0.6488416526617485,-0.584981544780678,-1.0672263415746421,-1.4898521120320747,0.09468497111032814,-1.3531056777082262,0.1767132815913559,0.5952620117859239,0.500919020278066,0.09890608546120852,-0.002619320776045936,1.0520845051500514,-0.2593929151758875,0.4055658787487041,2
-0.23261667884509313,6.757034551075322,-0.11310137254162309,4.94660135628556,-2.769780449672306,-0.8985760263592796,0.0,0.0,-0.2285707258954907,-0.11310137254162309,-0.24197569572197214,6.663130660050611,4.94660135628556,6.876941221130821,-0.1672027786843707,6.54700453666061,0.09718102672423214,6.90514176165196,0.28335900154371974,0.438799677091067,-0.2695518240804812,7.195497194145365,-0.9385129199933102,3.122010875478759,-0.07856122550898312,5.564970359459016,-0.408966800480075,-1.0926680344653028,-0.6628431117337235,5.733040542951058,-0.8805388221697804,0.7499160141093664,-0.943199732994825,-0.7879938760411359,0.8148015477918387,-0.6488416526617485,-0.464728840042302,-0.7912863808613099,-0.6453521153510452,-0.03458811689766786,-0.9385129200601617,3.122010874814151,-2.3499593726035246,-1.0135758044161802,-2.770885667203634,-0.8990833833386226,-1.4310343743036242,-0.25939294029376897,0.2669680666335129,1
-0.19277951901942178,-0.22930898004608755,-0.0025648806681920658,-0.1398314904896203,-0.08343314478696386,-0.17610109048762174,0.0,0.0,-0.18476604269032382,-0.0025648806681920658,-0.20668388243465563,-0.22963896490927474,-0.1398314904896203,-0.2404303862321369,-0.07795627945091235,0.1771990172888224,-0.3171116731577932,-0.03299685454755637,2.0115773208630836,1.7477771493437002,-0.21629300368442933,-0.019010041052967663,-1.0469468974954137,0.35919712175803736,0.10256604441450595,0.3640355945597854,-0.6052809472765068,-1.094931124748201,-0.9265242934807609,-0.8736235027512049,-0.42939856142847316,0.2519717807407471,-0.5665010141363983,0.3476067549092938,0.12471452262119981,0.10966337791466174,-0.6834784740581152,-1.140271904810365,-0.5036906238406921,1.0059880940601569,-1.0469468975764988,0.35919712167475765,0.06113501742666246,-0.08048447512347198,-0.19455203532922022,-0.30992236065660944,-0.6033280811523991,-0.259392934313321,0.36970573675882756,2
0.18127044481740803,0.19116066284319339,0.6524661822854733,0.24123676838930203,0.09880240830035189,-0.0996260226959025,0.0,0.0,0.1906400923779565,0.6524661822854733,0.1339801486026355,0.20380857146966028,0.24123676838930203,0.19843591128319416,0.1451599686327335,-0.18531023991119808,-0.24947204868725845,-0.012709899529429127,-0.4680402677255689,0.9007917261214082,0.09506625401556604,0.07892444630266582,-1.4661890088065836,-0.637489382055273,0.5855720975438101,0.48786737467643376,-0.47199238626046197,-0.7784876155316628,-1.2411933469652623,0.07926803476475844,0.021741699312834158,0.2519717807407471,-0.5539890756609278,0.04408814872293722,-0.565372502549439,-0.6488416526617485,-0.5741964051912706,-0.7739665592035796,-0.8114575392149636,-0.757644188622553,-1.466189008934886,-0.6374893821118541,0.48994119599677377,0.19161127606468245,0.06079464120271129,-0.09667073800461275,-0.1894749345767865,-0.2593929295289626,0.13092351680241787,2
-0.31941975341260853,0.28323430727150306,-0.29732885899734146,0.21638449063632884,-0.4149554121221476,-0.5051694105655931,0.0,0.0,-0.3192464201301862,-0.29732885899734146,-0.3208921115449993,0.3087261902997693,0.21638449063632884,0.32175371389080787,-0.5688120252349332,-0.7031806073397988,-0.4946656873929469,-0.5198837749826102,-1.0691596831409997,-1.0241751448383467,-0.2900359857712704,0.2095037627768438,-0.12089686622705062,-0.06750053878729713,-0.6219430352794503,-0.6266186463734014,1.7093261697638584,2.5860641576432624,-0.29217267998933516,1.0093792006589963,-0.42939856142847316,0.2519717807407471,-0.34042979134271545,0.060634093318517344,-0.565372502549439,-0.6488416526617485,1.6989734416991793,2.6378380457045925,0.16682427377770234,-0.6494358998524746,-0.12089686626223857,-0.06750053889148909,-0.3714326188502042,-0.5035080158818326,-0.34318666793735947,-0.44914331094607945,-0.6033280811523991,-0.259392934313321,-0.7269971679681937,2
-0.36512765258101043,2.025472267953852,-0.33417435628848513,2.651907710427702,-1.1040335972335602,-0.7679814223376584,0.0,0.0,-0.3612989160071464,-0.33417435628848513,-0.36353638593384,2.0022449265675886,2.651907710427702,1.8886152058463699,-0.39031902676801655,2.093319376774645,-0.5369404526870312,0.4538900658874974,0.20821907461679087,0.3618010022526768,-0.3678758001962692,1.656757853698983,-0.579498545623332,-1.4209005335908067,-0.07856122550898312,2.8406711968927527,-0.8649222386935466,-0.8876159949682184,-0.46399421362678955,-0.854421788901181,-0.42939856142847316,1.745804480846605,-0.3031591911285604,-0.023484377982108014,-0.565372502549439,-0.6488416526617485,-0.9083125199562964,-0.9320451886822486,-0.31936824866085745,-1.153269370172258,-0.5794985456498712,-1.4209005336972664,-1.511154303997079,-0.9435201893497637,-0.9224806206665175,-0.7291549423807696,-1.8448875208792372,-0.25939293909767935,-0.07831754799078257,1
-0.540830494338445,-0.734690983908143,-0.6657838319087782,-0.736286156560977,-0.21604205172103735,-0.22474756322137557,0.0,0.0,-0.5413361639803824,-0.6657838319087782,-0.5252905301673739,-0.7468086415667815,-0.736286156560977,-0.7433735811808359,-0.7026817740851208,-1.0139028277969593,-0.40166120374596165,-0.682179415127628,-0.6934600485063555,-1.0241751448383467,-0.4784902733265307,-1.357448034913292,0.8614819670491802,-4.780988536140865,-0.8030703052029393,-0.8742822066066981,1.9569352996826919,1.2914963516101654,0.36153714840071366,-1.4429369209475114,0.021741699312834158,-0.24597245262787212,1.006314742155841,0.3357119854764254,-0.565372502549439,-0.6488416526617485,2.000403857685461,1.2151708716923182,0.7887715233682572,-4.987127173181547,0.8614819671637676,-4.780988535746219,-0.2773961761813201,-0.3642972005624402,0.030305485795913495,1.1170205815788739,0.22437821199882615,-0.25939292235242506,0.990332557811656,1
0.5175799414509703,-0.19043344128746792,0.9595119930450039,-0.14811558307394468,0.5674081162391638,0.4732642059689958,0.0,0.0,0.530126387218,0.9595119930450039,0.4766048359336664,-0.19572619922681528,-0.14811558307394468,-0.20174244815916004,0.4798343407582023,-0.3406713501397783,-0.1226477528050058,-0.5604576850188646,-0.017200706163995712,-0.023192371939274172,0.27532687689451074,-0.20399740605805314,-1.4454916877155726,-0.4418454484120587,0.7063236108261362,-0.3789550861401047,-0.2823125113922524,0.45660505970223536,-0.5336042768314035,-0.5241642810931809,1.8263027422780636,0.2519717807407471,0.30637132475371,0.35562753977554146,0.8148015477918387,0.868168408491072,-0.3268490446212269,0.42888472449595827,-1.58664131080162,-0.1830102488114996,-1.4454916878583508,-0.4418454484288003,0.9488390362209279,0.7923273080941318,0.32757475101219197,0.24523613823019672,1.465937651725664,-0.25939291039152906,-0.7745250243699677,2
-0.6045699500595192,-0.5843040313419038,-0.7149111616303031,-0.7114338788080038,-0.33848156395157764,-0.4288328812799099,0.0,0.0,-0.6092334229483911,-0.7149111616303031,-0.595383992668572,-0.5920816481405603,-0.7114338788080038,-0.5704868579172205,-0.5465004004265687,-0.3406713501397783,-0.4693008282164964,-0.2967272697832105,-1.0691596831409997,-1.0241751448383467,-0.6095889081475814,-0.6501434040114945,-0.413802773941766,-0.18384813960438998,-0.5011915219971242,-0.25512330602345634,-0.698582940889487,-1.0304330854820163,-0.15460239285854938,0.30692342219573315,-1.3316790829110878,-1.2418609193651107,-1.3922889529836113,-1.4009243460128733,-0.565372502549439,-0.6488416526617485,-0.7161303141400434,-1.013847643816984,-0.4273414423898533,-0.38280431089880673,-0.41380277382417857,-0.18384813949025341,-0.33381804178265057,-0.4475864152193854,-0.33937552351150974,-0.4268986287046587,-0.1894749345767865,-0.25939294388203776,0.2107132705835671,1
-0.23764874113886214,-0.8318798308046921,-0.1294771491154647,-0.9599566563377357,0.09798885672406922,0.37280474720784235,0.0,0.0,-0.24477845868140247,-0.1294771491154647,-0.2591314382921954,-0.847487164686583,-0.9599566563377357,-0.8255854495859116,-0.3010725275345582,-0.4960324603683585,-0.21565223645199108,-0.256153359746956,-0.39290034079864,-0.7931791203231762,-0.2572613270660077,-0.8242491593103985,-0.7706111826902617,0.20971264072026047,-0.2596884954324722,-0.6266186463734014,0.10730020324176291,-0.6849078721082238,-0.7168941588906624,-0.3311683608439671,1.375162481536756,-0.24597245262787212,1.3377007790523188,0.7264551600289558,-0.565372502549439,-0.6488416526617485,0.05112906332874828,-0.7019702701506374,-0.32561311709812246,0.45577281119445856,-0.7706111827556168,0.20971264093890196,0.3169141414860271,0.7268900137841035,0.04936120792516211,0.244872169174109,1.465937651725664,-0.25939290082281236,0.7411438754649872,2
-0.17181259279538424,1.3052517604257408,-0.14994686983276675,1.5832597670498545,-0.6655292976172068,-0.6166535077626187,0.0,0.0,-0.16023542009543035,-0.14994686983276675,-0.16060845953177022,1.3462448653975134,1.5832597670498545,1.3046691405573758,-0.1672027786843707,1.1611527154031638,-0.4523909220988627,0.33216833577873395,-0.017200706163995712,0.5927970267678474,-0.23268033303706068,1.177967026626997,-0.4846633037721251,-0.6956363545559299,-0.19931273879130915,1.3546898354929722,-0.14834042058987337,-0.45555924855363084,0.2064771889838274,0.05804453215342245,0.021741699312834158,0.7499160141093664,-0.004468085862430266,-0.2052075275570667,-0.565372502549439,0.10966337791466174,-0.13304637702110098,-0.45230176869702776,-0.9235870674779199,-0.8148441389928496,-0.4846633038357133,-0.6956363547044933,-0.8566606630216459,-0.7477207625553705,-0.6290224998760888,-0.6116958383412634,-0.6033280811523991,-0.2593929331172314,0.2968989142724769,1
-0.41251290584733524,-0.030839124278397773,-0.3751137977230892,0.10040719445578726,-0.372243954367308,-0.4736510113276419,0.0,0.0,-0.41211234852514006,-0.3751137977230892,-0.4184347621585546,-0.02722214474209481,0.10040719445578726,-0.051826688126374774,-0.23413765310946444,0.4361342010031228,-0.29174681398134267,0.12929878559746155,2.462416882424657,2.594762572565992,-0.40884412357784755,-0.019010041052967663,-0.7066288318698314,-0.5577885877114781,-0.19931273879130915,0.3640355945597854,-0.6746593523135269,-0.7831905977315518,-0.7460040583111952,-0.8331001411891501,0.47288196005414146,0.7499160141093664,0.8752435020224257,0.6578300147613162,2.1949755981331163,2.3851784696438925,-0.7390314099915622,-0.8265492370226972,-0.20939753182867193,-0.14939725275559249,-0.7066288318867027,-0.5577885877572526,-0.390239907383981,-0.5195531547006093,-0.3736758233441573,-0.47427881696362734,-0.1894749345767865,-0.2593929295289626,0.002886347065795454,1
2.6125952097568015,0.030543305340475356,2.298231727956557,-0.007286009140429909,2.4052211270616914,1.933703007149948,0.0,0.0,2.6086586053031695,2.298231727956557,2.642639876442716,0.04484248233313155,-0.007286009140429909,0.05335614350953101,2.264764325427369,-0.23709727665405816,2.6336669443692853,0.7784813461775333,1.1098981977399371,-0.10019104677766437,2.540875159895793,-0.09518130899623815,2.336471547529644,-0.4944338230427768,2.215717526855212,-0.25512330602345634,-0.6685697106461413,0.34015026559983746,3.023438870548137,0.5171764434362558,0.9240222207954488,-0.7439166859964913,-0.6212773601213198,-0.8577636210438732,-0.565372502549439,0.868168408491072,-0.4332993402432311,0.36713440105850376,-0.1164568015753714,-0.8394371012924283,2.3364715472485282,-0.49443382307844597,2.1148909253150903,1.759534693071062,2.397026174248592,2.184154294199226,1.465937651725664,-0.25939287211666245,-0.8300708757377513,2
-0.5668294828562516,-1.064110022862762,-0.6903474967695407,-1.3327408226323336,-0.11719553520269423,0.17178082814135126,0.0,0.0,-0.5759418637124643,-0.6903474967695407,-0.5610725075281254,-1.08805584624653,-1.3327408226323336,-1.0456230973759675,-0.5018771508098395,-0.910328754311239,-0.435481015981229,-0.601031595055119,-1.0691596831409997,-1.0241751448383467,-0.5440395907370561,-1.1289342310834805,0.24674890327672364,0.8179429373585999,-0.5615672786382873,-0.8742822066066981,-0.3461087476334449,-1.0304330879006924,0.10184355115868343,1.4261432341584117,-0.42939856142847316,-0.7439166859964913,0.264231762618239,0.30097925873549497,-0.565372502549439,-0.6488416526617485,-0.34061998779203156,-0.9551100157325617,0.23387169180615397,0.04339422748143211,0.24674890339412844,0.8179429379657789,-0.029139967535466237,0.48019633454010235,-0.1107068579605263,0.18519694192190858,0.22437821199882615,-0.25939291517588764,0.5620130698216815,2
2.430182951607675,0.4172526119393761,2.3923924432561465,0.4152027126601144,2.0798004965486276,1.253254701507582,0.0,0.0,2.4220506548491585,2.3923924432561465,2.422066043396988,0.4411979312468765,0.4152027126601144,0.443862518433641,2.5771270727444735,0.22898605403168248,2.430748070957681,0.04815096552495259,1.5607377593015106,1.1317877506365788,2.491713171837899,0.29655664042629576,1.9884799134189461,-0.3895105434051136,2.638347823343353,0.3640355945597854,-0.8796304777265359,-0.3747030106062881,2.1752737516642697,0.6792649270965007,0.9240222207954488,-0.7439166859964913,-0.6405526499426676,-0.9546209531153781,1.5048885729624775,2.3851784696438925,-0.7133615976752193,-0.3388808380908069,0.25766105468548933,-0.8140855715768982,1.9884799131450055,-0.3895105435034556,2.00957010952594,1.2766816430372825,2.214091241807805,1.5363540492579169,1.465937651725664,-0.25939287211666245,-0.4454049392177204,2
-0.4649302214074291,-0.7203684169970725,-0.522495786887664,-0.9599566563377357,-0.15990699295753386,-0.13780601284433183,0.0,0.0,-0.476943279668787,-0.522495786887664,-0.47039215394265943,-0.7372706762185898,-0.9599566563377357,-0.6998496508487368,-0.3010725275345582,-0.5996065338540787,-0.6806746546869175,-0.8850489653089004,-0.31776041387171117,-0.331187071292835,-0.43342511760679453,-0.6719066234238575,0.07142577735439955,1.4619514875948398,-0.3804400087147982,-0.5027868662567531,-0.5215483907722307,-1.0304330860866853,-0.25247930198155344,1.443204511779795,-0.42939856142847316,-0.7439166859964913,-0.0622939553452736,-0.33723459299195874,0.12471452262119981,0.10966337791466174,-0.5455421874693823,-0.9542146232105239,0.40654971353108005,0.6796869387287291,0.07142577738762325,1.4619514877589435,-0.044185798362487684,0.08334128555512837,-0.16787402434827217,-0.17424086058844965,0.22437821199882615,-0.25939291517588764,0.33812649848572357,2
-0.6196661369408262,-0.5935113957847348,-0.6616898877653178,-0.529183841952867,-0.3498712860195349,-0.4442816281798409,0.0,0.0,-0.6258792025663545,-0.6616898877653178,-0.6203823604137545,-0.6026793874163289,-0.529183841952867,-0.6091747959901974,-0.5911236500432978,-0.4960324603683585,-0.44393596904004584,-0.1952924946925743,-0.31776041387171117,-0.25418839645444474,-0.5604269200896874,-0.49780086812495355,-0.24769795392436453,-0.2437559116200539,-0.7426945485617763,-0.7504504264900497,1.1531027518731836,1.1732499465091952,-1.03424131217829,-1.58933839194637,-0.42939856142847316,-0.24597245262787212,0.19759012463808645,0.08329391405370293,0.12471452262119981,0.10966337791466174,1.0795824410494885,1.0892960231932138,0.9641358845118645,0.8037069036125235,-0.24769795383305787,-0.2437559115640369,-0.36767116114344883,-0.4972244760340355,-0.3469978123632092,-0.4418416293425169,-0.1894749345767865,-0.2593929295289626,0.11114516481897381,2
-0.4913485484497164,-0.09631371587186244,-0.6248443904741741,-0.0735587498150251,-0.4251248068256809,-0.5234462324463353,0.0,0.0,-0.49402710611880213,-0.6248443904741741,-0.4787249431910536,-0.08762925861397573,-0.0735587498150251,-0.08809663006979057,-0.635746899660027,-0.44424542362549846,-0.5284854996282143,-0.11414467462006533,-0.9188798292871421,-1.0241751448383467,-0.42113462059232104,0.1442141045397548,1.1548576886105544,0.7920943325747555,-0.6219430352794503,-0.25512330602345634,0.2739109022639478,0.21115418549801587,0.5797501624890833,-0.1131297424314988,-0.42939856142847316,-1.2418609193651107,0.11939935033309536,-1.4009243460128733,-0.565372502549439,-0.6488416526617485,0.3220518714392476,0.20511912151848125,0.9044148367750702,0.9645787972695639,1.1548576887057675,0.7920943324429991,-0.5406982156541955,-0.6625042852780153,-0.4422764230094523,-0.5315288166350717,0.6382313585744388,2.6112220950684,0.15017495190158528,1
0.07769382927066255,1.4965603327378953,0.45186291925591326,2.088589414693643,-0.5032257581488162,-0.5324069827924653,0.0,0.0,0.10040244497531271,0.45186291925591326,0.05898504536708794,1.5539605552025777,2.088589414693643,1.4690928773675274,0.23440646786619185,1.5236619726031841,0.06336121448896476,0.9002030762862967,1.3353179785207239,1.4397824499901395,-0.02783871612916898,1.3303095625135382,-1.5095194670368965,-1.2360806879484805,0.4044448276203211,2.0976805161928627,-0.44882068274559356,-0.7357437627820289,-1.0060421283461916,-0.8211906295761275,-0.42939856142847316,0.2519717807407471,-0.7720222276117019,-0.616235183898953,1.5048885729624775,1.6266734390674824,-0.5321603482665228,-0.7784993826110532,-1.1557550030384671,-0.9351274756008316,-1.50951946715277,-1.2360806880594128,-0.5331753002406848,-0.5758126201222687,-0.4918213005454987,-0.5338254024086304,-0.6033280811523991,-0.259392934313321,0.18109688325923667,1
-0.6662127131581895,-0.06153033908783433,-0.804977932786432,-0.18953604599556667,-0.5939367589043327,-0.6817210617876505,0.0,0.0,-0.6749404477561415,-0.804977932786432,-0.6581249940682458,-0.08550971075882201,-0.18953604599556667,-0.06996165909808268,-0.6803701492767562,-0.2888843133969182,-0.38475129762832794,0.27130747072435224,-1.0691596831409997,-1.0241751448383467,-0.6587508962054754,-0.12782613811478263,-0.21167183768286393,0.07617409193220233,-0.7426945485617763,-0.0074597457901596316,0.31577717951378786,-0.5870090596549878,-0.1614322871396197,0.7821400788724325,0.021741699312834158,0.2519717807407471,1.5930235596297568,0.3968611521160566,-0.565372502549439,-0.6488416526617485,0.30532392536686553,-0.5456894588657025,-0.1201056288244669,-0.3796615324340473,-0.21167183749631055,0.07617409188163336,-0.6535419468568564,-0.7860537686412055,-0.5680441890624932,-0.6647458025010847,-0.1894749345767865,-0.2593929295289626,0.8651640915889055,1
2.755589646604738,-0.3530968797774817,2.7117200864460584,-0.487763379031245,2.6842693177266437,2.9682574955363807,0.0,0.0,2.745767263735342,2.7117200864460584,2.7460644959374907,-0.3504531926530366,-0.487763379031245,-0.32747824689633476,2.7779316960197544,0.021837907060242193,2.5575723668399335,-0.844475055272646,0.28335900154371974,-0.6391817706463957,2.81126609421421,-0.3128135031198681,2.030215425431511,0.5826554452116962,2.457220553419864,-0.5027868662567531,-0.5815601009339835,0.11843825203294443,2.2483805575686793,0.8246609044554429,0.47288196005414146,-0.7439166859964913,-0.8379022605601598,-0.679778750725104,-0.565372502549439,-0.6488416526617485,-0.4072365415523126,0.16166225225686193,0.23672677181204993,0.13742207611777588,2.0302154251489495,0.5826554451976547,2.712962700689193,3.2247316878793035,2.7247845948716685,2.9451821031741576,1.0520845051500514,-0.25939288646973757,-0.601055776667573,2
-0.4812844238621784,-0.09324459439091878,-0.5716231166091889,-0.18125195341124228,-0.4145486363340063,-0.5132823727077136,0.0,0.0,-0.4791335138290454,-0.5716231166091889,-0.46696100542861474,-0.07915106719336086,-0.18125195341124228,-0.06270767070939952,-0.5465004004265687,-0.3406713501397783,-0.3762963445695111,-0.07357076458381084,-1.0691596831409997,-1.0241751448383467,-0.5071680996936355,-0.17135257693950864,-0.36239725544860596,-0.15977305348336343,-0.6219430352794503,-0.5027868662567531,0.5071658832326834,0.8641968399351606,0.21432224525063878,0.7819604155566879,0.47288196005414146,0.7499160141093664,1.4305575726078168,0.9849218290746413,-0.565372502549439,-0.6488416526617485,0.5280186606577125,0.9048340576138555,-0.7570755395084138,-0.6238309198541905,-0.3623972554006311,-0.1597730535166781,-0.44290031527855606,-0.5742412155366059,-0.4117872676026545,-0.5129368351071428,-0.1894749345767865,-0.2593929295289626,-0.30897491242575625,1
-0.34290271078353063,-0.7060458500860022,-0.3423622445754059,-0.8936839156631405,-0.04153523860840688,0.039809169093680125,0.0,0.0,-0.34114876173276965,-0.3423622445754059,-0.34196916670270217,-0.7171349715946295,-0.8936839156631405,-0.6865506721361511,-0.4349422763847457,-0.5478194971112186,-0.4777557812753132,-0.31701422480133773,-0.7685999754332843,-1.0241751448383467,-0.2941328181094282,-0.6283801845991316,0.13155265943091715,1.238337407841229,-0.2596884954324722,-0.6266186463734014,-0.42585403925810794,-0.5006277577560269,-0.19897261434765176,0.8076719203833034,0.021741699312834158,-0.24597245262787212,0.2543715202967249,0.593493940911729,-0.565372502549439,-0.6488416526617485,-0.44487463853323495,-0.45800828048586256,0.4038967592068993,0.8427656650871843,0.13155265940695945,1.23833740796965,0.09122667908070535,0.2727189061099241,-0.053539691572780435,-0.02424878197024885,0.22437821199882615,-0.25939292235242506,-0.036884084955231676,2
-0.45612411239333334,-0.06766858204972165,-0.4324290157315349,0.04241854636551648,-0.4011250353253424,-0.5003021765226534,0.0,0.0,-0.4550409380662036,-0.4324290157315349,-0.4566675598864808,-0.05583604078666998,0.04241854636551648,-0.06875266103330215,-0.23413765310946444,0.28077309077454254,-0.35093148539306057,-0.012709899529429127,-0.7685999754332843,-0.716180445484786,-0.4784902733265307,-0.14958935752714564,-1.024089088545224,-0.8910995759067404,-0.2596884954324722,0.11637203432648871,-0.6514192957003615,-0.45987349972644365,-0.766409145013947,-0.6410323116688234,-0.42939856142847316,-0.24597245262787212,-0.18951086815732254,-0.3416482433751119,0.12471452262119981,0.10966337791466174,-0.7172381856564539,-0.4933021808780685,-0.651209682237627,-0.6311467457154811,-1.0240890885485243,-0.8910995759159414,-0.41657011133126853,-0.5432953737117802,-0.3927315454734059,-0.4934647632747575,-0.1894749345767865,-0.2593929295289626,-0.2988252940269248,1
-0.10681512150086785,0.5666165240119674,0.06703216977063488,0.7962709715390367,-0.3136682408749565,-0.43430347680782005,0.0,0.0,-0.09190011429536998,0.06703216977063488,-0.11012155996797024,0.5948651507455209,0.7962709715390367,0.5623443287821326,0.18978321824946268,0.9022175316888634,0.426924196018089,1.8334030071201497,2.91325644398623,2.825758597081163,-0.08519436886337865,0.7753474674982817,-0.47955510502166554,0.050219225168059066,-0.01818546886782009,0.8593627150263788,-0.20256721930405383,-0.6315636259378095,-0.5491182574806996,-0.409485791852963,1.375162481536756,2.7416929475838434,0.965429451967086,1.674805060476331,-0.565372502549439,-0.6488416526617485,-0.2477364188424901,-0.652760927800598,-0.06374190725130087,0.3129494068103872,-0.47955510511684185,0.050219224992803214,-0.2999649224218523,-0.4581183873471583,-0.35080895678905893,-0.4587751899443866,-1.0171812277280117,-0.25939293311723133,0.36784050748869157,2
0.0772744907461818,-0.25181587090634105,0.19394443821790752,-0.24752469408583747,0.19154728799657508,0.12202734252640622,0.0,0.0,0.09689807031889935,0.19394443821790752,0.08594406940601027,-0.26461150451931104,-0.24752469408583747,-0.26702834365730843,-0.18951440349273527,-0.3406713501397783,-0.4270260629224122,-0.601031595055119,0.3584989284706486,-1.0241751448383467,-0.10567853055416783,-0.17135257693950864,-1.1078497501948545,0.1246090300322712,0.04219028777334293,-0.13129152590680798,-0.11610653345619563,-0.4294286210967408,0.1819546662635789,-0.4191250445037149,-0.8805388221697804,1.2478602474779856,-1.0311414862540405,1.6972011483305829,-0.565372502549439,-0.6488416526617485,-0.10251886418514901,-0.4512255335208366,-1.7808626945151456,0.39849965268122417,-1.1078497502964932,0.12460902998996724,0.29058393753873957,0.1846116963195681,-0.03829511386938154,-0.13737442839210412,-1.8448875208792372,-0.25939294101142274,0.32907032912579426,1
2.548436415511247,-0.1556500645034398,2.347359057678082,-0.1398314904896203,2.425966692256899,2.2662753177591166,0.0,0.0,2.5495222829761945,2.347359057678082,2.571075921721213,-0.15227546819616408,-0.1398314904896203,-0.15217352750315846,2.4209456990859213,-0.2888843133969182,2.9972299258984094,0.7987683011956604,0.8844784169591506,-0.25418839645444474,2.532681495219477,-0.3345767225322311,2.1961634106134316,-1.0621307279770242,2.155341770214049,-0.6266186463734014,-0.5933191526110213,1.595558543000207,2.6940437419448924,-0.19117239789591095,0.9240222207954488,0.7499160141093664,-0.6314557309840764,0.930450455216683,-0.565372502549439,0.10966337791466174,-0.38366266691546647,1.584785755526555,0.018044110518228875,-1.0847834893032804,2.1961634103348735,-1.062130727944858,2.2202117411042406,2.0279457190394687,2.4732490627655865,2.715443015140122,0.22437821199882615,-0.2593929259406938,-1.9651363218820272,2
-0.2963561345661673,1.1037127831771072,-0.28914097071042066,1.57497567446553,-0.7001052396092198,-0.6471060686270919,0.0,0.0,-0.2920875165429827,-0.28914097071042066,-0.29295275935920706,1.117333697040912,1.57497567446553,1.03868956630566,-0.27876090272619364,1.4200878991174641,-0.1987423303343574,0.41331615585124293,0.43363885539757746,2.671761247404383,-0.33919797382916433,0.9494532227971857,-0.5906532758116424,-1.208819493291294,-0.01818546886782009,1.2308580553763238,-0.896351265744139,-0.32681810140537615,-0.08315196214163767,-0.9720476202274412,-0.42939856142847316,-0.7439166859964913,-0.34836835105291314,-1.1012934296510182,-0.565372502549439,0.10966337791466174,-0.9097087022600513,-0.37768045478685985,-0.78415175854947,-0.8302293093361752,-0.5906532758482503,-1.2088194933864165,-0.9807887673445729,-0.8106022823245322,-0.6480782220053374,-0.634815316317821,0.22437821199882615,-0.25939291517588764,-0.6211957083147122,1
-0.6314076156262872,-0.3827650540932704,-0.7271929940606843,-0.4380588235252986,-0.44546359623274734,-0.5592182034565322,0.0,0.0,-0.638582560695853,-0.7271929940606843,-0.6267544933684088,-0.384365958335496,-0.4380588235252986,-0.37342017335799477,-0.7473050237018499,-0.5996065338540787,-0.4862107343341301,0.02786401050682535,-1.0691596831409997,-1.0241751448383467,-0.5399427583988983,-0.3563399419445941,0.7037922387171459,0.08360896314901686,-0.6823187919206133,-0.6266186463734014,0.2303357953505695,0.7662980284153229,-0.5127803964938298,-0.005885313734661249,0.021741699312834158,1.2478602474779856,1.2340302828192247,2.086583041040996,-0.565372502549439,-0.6488416526617485,0.19131400134605991,0.7656338137625759,1.7197307545385878,0.09924232665406353,0.7037922388696174,0.08360896315608748,-0.46923051922584363,-0.6164739981274928,-0.377486967770007,-0.4794564655212392,-1.0171812277280117,-0.25939293527019264,-0.5394685094957068,2
-0.5043480427086197,0.09294877545299637,-0.5716231166091889,0.20810039805200445,-0.5113612739116428,-0.5901591884833531,0.0,0.0,-0.5089206984085589,-0.5716231166091889,-0.5002921624221914,0.10101050049470503,0.20810039805200445,0.08599909125860522,-0.7026817740851208,-0.44424542362549846,-0.6722197016281006,-0.5807446400369919,-1.0691596831409997,-1.0241751448383467,-0.42523145293047887,0.05716122689030283,0.5834642835330575,-0.6148321497697471,-0.8030703052029393,-0.8742822066066981,2.617226322237433,4.96788463083569,-0.20653707933198032,-0.4721690345195286,0.021741699312834158,-0.24597245262787212,0.7248459412099598,-0.42281882594960807,-0.565372502549439,-0.6488416526617485,2.62051538089795,4.940801077709626,1.1089609006713839,-0.41106251575204594,0.5834642835926277,-0.614832149824377,-0.6196888274960581,-0.7069168270513403,-0.4155984120285042,-0.5109862787925895,0.22437821199882615,-0.25939292235242506,-1.9730369438836948,1
-0.4645108828829484,-0.4584700506232139,-0.47746240130959944,-0.3800701754350278,-0.2453299084672131,-0.31615572233550016,0.0,0.0,-0.4633638278751853,-0.47746240130959944,-0.4605888724739604,-0.481865159672567,-0.3800701754350278,-0.4931109817712669,-0.27876090272619364,0.12541198054596234,-0.4693008282164964,-0.2967272697832105,3.0635362978400877,1.5167811248285297,-0.4170377882541632,-0.21487901576423463,-0.10174545688540314,0.5392491796177503,-0.44081576535596123,0.48786737467643376,-0.1518202158725773,-1.534324022661712,-0.48911647676023734,-1.497620972958473,0.021741699312834158,-0.24597245262787212,0.5024984409166783,-0.05731623689257226,2.1949755981331163,0.868168408491072,-0.19183838749860815,-1.6122089778384388,0.44522914228785365,1.7178781406268215,-0.10174545686984063,0.5392491795757548,-0.26611180306105403,-0.38379605881068224,-0.31269751253056166,-0.4116785604608209,0.22437821199882615,-0.25939292235242506,1.3656114103975667,1
-0.2644864067056302,-0.5341750471531574,-0.2195439202715937,-0.7031497862236794,-0.04926397858309215,-0.049092414764700366,0.0,0.0,-0.27763197108527765,-0.2195439202715937,-0.2885412826982925,-0.5433320474720248,-0.7031497862236794,-0.5160819450020969,-0.10026790425927694,-0.4960324603683585,-0.4101161568047785,-0.43873595491010114,-0.4680402677255689,-0.40818574613122516,-0.273648656418639,-0.5195640875373165,-0.4358524599734532,0.6208071345821485,-0.13893698215014613,-0.6266186463734014,-0.4796821115923055,0.029177571006537697,-0.47161524591045706,0.8386025478591529,0.021741699312834158,-0.24597245262787212,0.07919487420928394,0.28970837404929184,-0.565372502549439,-0.6488416526617485,-0.5207777013586959,0.07317463284453939,-0.14309773637089485,0.17057895501334341,-0.4358524600245762,0.620807134644251,0.11755688302799289,0.19130972563690554,-0.07259541370202906,-0.08795832226350583,0.22437821199882615,-0.25939292235242506,-0.6382084452574316,2
-0.6163114287449802,0.203437148766968,-0.7271929940606843,0.3572140645698436,-0.6553599029136735,-0.6979284603660826,0.0,0.0,-0.6219367810778895,-0.7271929940606843,-0.6081282585778807,0.20274879754208341,0.3572140645698436,0.1778829441819252,-0.5688120252349332,0.22898605403168248,-0.5961251240987491,-0.4184489998919739,-1.0691596831409997,-1.0241751448383467,-0.5891047464567922,0.2856750307201143,-0.00021609661752894875,-0.25001867138329786,-0.3804400087147982,0.11637203432648871,-1.1196380858130641,0.011458331523596408,-0.22103055942278077,-0.628548264330641,0.021741699312834158,1.745804480846605,1.2340302828192247,1.3440814683650113,-0.565372502549439,-0.6488416526617485,-1.145635251322592,-0.02153374228012078,0.2632200495384567,0.10299506846768929,-0.00021609648232677548,-0.2500186714881175,-0.8303304590743584,-0.8554556047070817,-0.6480782220053374,-0.6880389341945122,-1.4310343743036242,-0.2593929367055002,-1.225740343238282,1
-0.16426449935473073,-0.5597510594943546,-0.0189406572420337,-0.6700134158863817,0.07602296416443742,0.1303127756901515,0.0,0.0,-0.15366471761465533,-0.0189406572420337,-0.17139206914733915,-0.5698263956614462,-0.6700134158863817,-0.5511428888807322,-0.34569577715128735,-0.6513935705969387,0.06336121448896476,-0.4590229099282284,1.3353179785207239,-0.6391817706463957,-0.2572613270660077,-0.6283801845991316,-1.258108129635907,-0.2807956632195183,-0.3200642520736352,-0.5027868662567531,0.6451865837878618,-0.32498577320621114,-0.5872139492972166,0.1360905004642137,0.021741699312834158,-1.2418609193651107,-0.13863807905438225,-1.4009243460128733,-0.565372502549439,-0.6488416526617485,0.6033721340005943,-0.31769292258360304,-1.2463664488643944,-0.39095191858610556,-1.2581081297131302,-0.2807956631150308,0.28682247983198417,0.4068456194014814,-0.01923939174013292,0.024170468658667045,1.0520845051500514,4.046529614543618,0.9668757158395754,2
-0.20619835180280582,-0.9556677305360862,-0.18679236712391042,-1.1422066931928725,0.18992018484400974,0.7327270004642316,0.0,0.0,-0.2005357286441839,-0.18679236712391042,-0.20325273392061097,-0.9799589056336904,-1.1422066931928725,-0.9501122502583058,-0.368007401959652,-0.858541717568379,-0.5284854996282143,-0.925622875345155,-0.9188798292871421,-0.7931791203231762,-0.24087399771337634,-0.8895388175474875,-0.354243276558561,1.2794093814725311,-0.3804400087147982,-0.8742822066066981,0.4593187090947367,-0.28870562805694605,0.07146056580053507,0.03338587731087588,-0.8805388221697804,-1.2418609193651107,-0.9153252296861373,-1.4009243460128733,-0.565372502549439,-0.6488416526617485,0.46845655861317836,-0.28681962936119976,-0.6134362852469634,1.4164653114395946,-0.3542432766162064,1.2794093818085,0.34700580314007,1.0694593197526137,0.08747265218365935,0.3684851397572751,0.22437821199882615,1.175914575593181,0.7899011810037507,2
-0.3458380804548959,-0.5699814644308334,-0.38739563015347045,-0.6285929529647598,-0.11475488047384624,-0.12542968279935643,0.0,0.0,-0.3617369628391981,-0.38739563015347045,-0.3581445811260556,-0.5761850392269073,-0.6285929529647598,-0.5644418675933179,-0.18951440349273527,-0.7031806073397988,-0.3171116731577932,-0.3575881348375922,-0.2426204869447823,0.5157983519294572,-0.3678758001962692,-0.6283801845991316,-0.2468137602704576,-0.505852414491293,-0.07856122550898312,-0.6266186463734014,-0.9746892886338266,0.2364926996527584,-0.046930006944808304,-0.36955623549207695,-0.8805388221697804,-0.7439166859964913,-0.8183492029616292,-0.6031570312305673,0.12471452262119981,1.6266734390674824,-0.9857575870091553,0.21698839999237532,-0.31366804345535143,-0.34456108255950946,-0.24681376028299098,-0.5058524143868357,-0.07051600230977521,-0.09933270238045709,-0.12214029123807547,-0.12108728322808064,-0.1894749345767865,-0.2593929295289627,-1.2846752546625397,2
-0.3890299484764132,-0.01549351687367949,-0.452898736448837,0.04241854636551648,-0.35760002599422014,-0.46043434101724307,0.0,0.0,-0.3941524284110216,-0.452898736448837,-0.3870642614587177,-0.021923275104210518,0.04241854636551648,-0.04094570554335004,-0.39031902676801655,0.28077309077454254,-0.4777557812753132,0.2104466056699705,0.20821907461679087,0.823793051283018,-0.4170377882541632,0.06804283659648432,-0.27895124852257913,-0.0003546936824562933,-0.3200642520736352,0.24020381444313707,-0.5252289425824579,-0.6733903629785548,0.14145581709251073,-0.4456417463783028,-0.8805388221697804,-0.7439166859964913,-0.7775357096285466,-0.8712862946939925,-0.565372502549439,-0.6488416526617485,-0.5179403550503316,-0.6964657649003975,-0.5738945488493273,0.23388663054360986,-0.27895124851611464,-0.000354693767720692,-0.43537739986504537,-0.5599849154196613,-0.4117872676026545,-0.5074165421951984,-0.1894749345767865,-0.2593929295289627,0.11646316090263362,2
-0.6607613123399398,-0.22930898004608755,-0.7926961003560509,-0.27237697183881066,-0.5325136148949919,-0.640118741096844,0.0,0.0,-0.6705599794356247,-0.7926961003560509,-0.6546938455542011,-0.23493783454715902,-0.27237697183881066,-0.22954940364911214,-0.5465004004265687,-0.3406713501397783,-0.5538503588046648,-0.33730117981946495,-0.31776041387171117,-0.5621830958080055,-0.6546540638673176,-0.16047096723332713,-0.284463593559306,0.28990527649922343,-0.6823187919206133,-0.3789550861401047,-0.09775912287653644,0.1878632261866345,-0.249686492270753,0.057879196345091435,-0.42939856142847316,1.2478602474779856,0.5558727336543646,1.7429862541560632,0.12471452262119981,-0.6488416526617485,-0.11834030189165515,0.19081366075222145,-0.12413911983358639,0.2759855323380172,-0.2844635933849901,0.28990527644954495,-0.6046429966690366,-0.7483054289022231,-0.5527996113590943,-0.6534794516973305,-1.4310343743036242,-0.2593929381408077,-0.3151240307189562,1
