id,Fast BERT Features_prediction,Fast BERT Features_confidence,Lightning Fast Text_prediction,Lightning Fast Text_confidence,Phase 11 Baseline_prediction,Competition Final_prediction,Advanced Ensemble_prediction,Ensemble_prediction
0,2.0,0.9698920105161394,1.0,0.6,1,1,1.0,1
1,2.0,0.7892582951148126,2.0,0.59,1,1,1.0,1
2,1.0,0.962924046307637,1.0,0.68,1,1,1.0,1
3,1.0,0.6686814628142886,1.0,0.52,1,1,1.0,1
4,1.0,0.7354124475687207,2.0,0.56,1,1,1.0,1
5,2.0,0.7226922752502676,2.0,0.5,1,1,1.0,1
6,1.0,0.6135150170069461,2.0,0.55,1,1,1.0,1
7,1.0,0.5082378025890835,1.0,0.7,1,1,1.0,1
8,1.0,0.5702040525309193,2.0,0.62,1,1,1.0,1
9,1.0,0.7936173122253859,2.0,0.51,1,1,1.0,1
10,2.0,0.66483263215695,2.0,0.53,1,1,1.0,1
11,2.0,0.8253513095908975,2.0,0.54,1,1,1.0,1
12,2.0,0.883186770697089,1.0,0.58,1,1,1.0,1
13,2.0,0.8204100472136071,2.0,0.58,1,1,1.0,1
14,1.0,0.6799035085230479,2.0,0.61,1,1,1.0,1
15,2.0,0.9167395908412376,1.0,0.66,1,1,1.0,1
16,2.0,0.6224591304151877,1.0,0.53,1,1,1.0,1
17,2.0,0.9527140613124676,1.0,0.52,1,1,1.0,1
18,2.0,0.950038221753281,2.0,0.5733333333333334,1,1,1.0,1
19,1.0,0.6868348053011123,1.0,0.6,1,1,1.0,1
20,2.0,0.9100286692152452,1.0,0.66,1,1,1.0,1
21,1.0,0.7725641060223668,1.0,0.83,1,1,1.0,1
22,2.0,0.9365679029533518,1.0,0.74,1,1,1.0,1
23,2.0,0.8680134786090934,2.0,0.52,1,1,1.0,1
24,2.0,0.9048197658683366,1.0,0.62,1,1,1.0,1
25,2.0,0.9950799309813838,2.0,0.5427272727272727,1,1,1.0,1
26,2.0,0.7544056623936557,1.0,0.6072727272727273,2,1,1.0,1
27,1.0,0.9680502118405468,1.0,0.72,1,1,1.0,1
28,2.0,0.7005677116638114,1.0,0.76,1,1,1.0,1
29,2.0,0.9932251341656247,1.0,0.69,1,1,1.0,1
30,2.0,0.9658813239177202,1.0,0.73,1,1,1.0,1
31,1.0,0.5613581352070627,1.0,0.63,1,1,1.0,1
32,1.0,0.7026146603049098,2.0,0.5027272727272727,1,1,1.0,1
33,2.0,0.8722805166191422,1.0,0.52,1,1,1.0,1
34,1.0,0.9828946838217154,2.0,0.6,1,1,1.0,1
35,2.0,0.9786178792292431,2.0,0.57,1,1,1.0,1
36,2.0,0.7071358670791716,2.0,0.53,1,1,1.0,1
37,2.0,0.7021506944062623,1.0,0.69,1,1,1.0,1
38,1.0,0.9697209133690258,1.0,0.6,1,1,1.0,1
39,2.0,0.962014282750826,1.0,0.65,2,2,2.0,2
40,2.0,0.9640219480261454,1.0,0.55,1,1,1.0,1
41,2.0,0.6430413505087689,1.0,0.58,1,1,1.0,1
42,2.0,0.7990116363528796,1.0,0.71,1,1,1.0,1
43,1.0,0.8772587144683871,1.0,0.55,1,1,1.0,1
44,1.0,0.7062303838038633,2.0,0.5,1,1,1.0,1
45,2.0,0.5304037548158438,1.0,0.61,1,1,1.0,1
46,1.0,0.9412541884374674,2.0,0.5,1,1,1.0,1
47,1.0,0.6845324789133107,2.0,0.71,1,1,1.0,1
48,1.0,0.8417839422570585,1.0,0.68,1,1,1.0,1
49,2.0,0.5834705963909952,1.0,0.51,1,1,1.0,1
50,1.0,0.927713711969464,1.0,0.62,1,1,1.0,1
51,1.0,0.9782916249793386,1.0,0.54,1,1,1.0,1
52,2.0,0.9382444484145598,1.0,0.52,1,1,1.0,1
53,1.0,0.8997554763768228,2.0,0.53,1,1,1.0,1
54,2.0,0.6939156963295021,2.0,0.53,1,1,1.0,1
55,2.0,0.9882857811544996,2.0,0.56,1,1,1.0,1
56,1.0,0.9107049037166868,1.0,0.74,1,1,1.0,1
57,1.0,0.6772456772398919,2.0,0.64,1,1,1.0,1
58,2.0,0.6631806922041942,1.0,0.69,1,1,1.0,1
59,2.0,0.7337430904260172,1.0,0.8,1,1,1.0,1
60,1.0,0.7789971272132543,2.0,0.63,1,1,1.0,1
61,2.0,0.6202981480909021,1.0,0.6,1,1,1.0,1
62,2.0,0.9128890121244628,2.0,0.61,1,1,1.0,1
63,1.0,0.5008017932317672,1.0,0.64,1,1,1.0,1
64,2.0,0.8275613744129302,2.0,0.51,1,1,1.0,1
65,1.0,0.5347696206658679,1.0,0.84,1,1,1.0,1
66,2.0,0.9117947259645846,1.0,0.5072727272727273,1,1,1.0,1
67,1.0,0.8999282700038184,1.0,0.53,1,1,1.0,1
68,1.0,0.7546191865911611,2.0,0.54,1,1,1.0,1
69,2.0,0.9654439577508032,1.0,0.73,1,1,1.0,1
70,2.0,0.8264107409102827,2.0,0.68,2,2,2.0,2
71,1.0,0.6534366834010167,2.0,0.52,1,1,1.0,1
72,1.0,0.650863009367707,1.0,0.52,1,1,1.0,1
73,2.0,0.7072558193151289,1.0,0.53,1,1,1.0,1
74,2.0,0.9437193142124902,2.0,0.5727272727272728,1,1,1.0,1
75,2.0,0.5712361641694037,2.0,0.54,1,1,1.0,1
76,1.0,0.969386792510106,2.0,0.5827272727272728,1,1,1.0,1
77,1.0,0.844323953670555,1.0,0.56,1,1,1.0,1
78,2.0,0.9109028940224154,1.0,0.65,1,1,1.0,1
79,1.0,0.5336349629213945,1.0,0.66,1,1,1.0,1
80,2.0,0.805024781326211,2.0,0.51,1,1,1.0,1
81,1.0,0.5860227006802986,2.0,0.51,1,1,1.0,1
82,2.0,0.5462903425334893,1.0,0.57,1,1,1.0,1
83,1.0,0.7547457944963067,1.0,0.61,1,1,1.0,1
84,2.0,0.8995199417452844,1.0,0.55,1,1,1.0,1
85,2.0,0.8145077476653001,1.0,0.66,1,1,1.0,1
86,1.0,0.8225869211628513,2.0,0.61,1,1,1.0,1
87,1.0,0.5947131303197215,2.0,0.56,1,1,1.0,1
88,1.0,0.5836621593367235,2.0,0.63,1,1,1.0,1
89,2.0,0.9925963256938216,2.0,0.52,1,1,1.0,1
90,1.0,0.7788607847312163,2.0,0.71,1,1,1.0,1
91,1.0,0.7011601558866014,2.0,0.67,1,1,1.0,1
92,2.0,0.8598067689329424,2.0,0.57,1,1,1.0,1
93,1.0,0.6711167208534116,1.0,0.52,1,1,1.0,1
94,1.0,0.92488124848819,1.0,0.53,1,1,1.0,1
95,2.0,0.9673861877145252,2.0,0.57,1,1,1.0,1
96,2.0,0.7162668402355856,2.0,0.62,2,2,2.0,2
97,1.0,0.94892676633873,1.0,0.77,1,1,1.0,1
98,1.0,0.9659618681712876,1.0,0.55,1,1,1.0,1
99,1.0,0.9625246943237808,1.0,0.51,1,1,1.0,1
100,1.0,0.8791362003799386,2.0,0.5427272727272727,1,1,1.0,1
101,1.0,0.821847146522363,2.0,0.57,1,1,1.0,1
102,1.0,0.830148397045688,1.0,0.54,1,1,1.0,1
103,2.0,0.9952404306171097,2.0,0.68,1,1,1.0,1
104,2.0,0.9892978666049338,1.0,0.52,1,1,1.0,1
105,1.0,0.5631938063628198,2.0,0.5227272727272727,1,1,1.0,1
106,2.0,0.9919383706478624,1.0,0.58,1,1,1.0,1
107,1.0,0.8310273314944097,1.0,0.76,1,1,1.0,1
108,2.0,0.9737315383966936,1.0,0.62,1,1,1.0,1
109,2.0,0.8961301228782369,1.0,0.62,1,1,1.0,1
110,2.0,0.934707703482132,2.0,0.59,1,1,1.0,1
111,1.0,0.6014740234302722,2.0,0.74,1,1,1.0,1
112,2.0,0.9500805112724412,2.0,0.57,1,1,1.0,1
113,1.0,0.9218444383531964,1.0,0.7,1,1,1.0,1
114,2.0,0.7445884275922667,1.0,0.64,1,1,1.0,1
115,1.0,0.7974942496556602,1.0,0.58,1,1,1.0,1
116,1.0,0.807243411181183,2.0,0.5,1,1,1.0,1
117,2.0,0.8968864881634515,1.0,0.64,2,2,2.0,2
118,2.0,0.5520675834728167,1.0,0.51,1,1,1.0,1
119,1.0,0.9593093771687662,2.0,0.65,1,1,1.0,1
120,2.0,0.9490171983819736,2.0,0.54,1,1,1.0,1
121,1.0,0.9759285426375928,2.0,0.68,1,1,1.0,1
122,1.0,0.713427037132356,2.0,0.61,1,1,1.0,1
123,2.0,0.9886957949467122,2.0,0.6,1,1,1.0,1
124,1.0,0.5889487263191701,1.0,0.53,1,1,1.0,1
125,2.0,0.9380822907289172,2.0,0.58,2,2,2.0,2
126,1.0,0.8530545974440047,1.0,0.58,1,1,1.0,1
127,1.0,0.8197235111150492,1.0,0.5866666666666667,1,1,1.0,1
128,2.0,0.8365780820664903,1.0,0.54,1,1,1.0,1
129,1.0,0.8409469106488681,1.0,0.53,1,1,1.0,1
130,1.0,0.822416462415143,1.0,0.64,1,1,1.0,1
131,2.0,0.7869055272007941,1.0,0.61,1,1,1.0,1
132,2.0,0.7221553220022794,2.0,0.5,1,1,1.0,1
133,1.0,0.8163679100955634,1.0,0.56,1,1,1.0,1
134,1.0,0.9682539702141784,1.0,0.65,1,1,1.0,1
135,2.0,0.9901261694263058,1.0,0.81,1,1,1.0,1
136,2.0,0.8423364526466178,1.0,0.56,1,1,1.0,1
137,2.0,0.801050998384302,2.0,0.66,1,1,1.0,1
138,1.0,0.5855930371047712,2.0,0.54,1,1,1.0,1
139,1.0,0.8295520056788324,1.0,0.54,1,1,1.0,1
140,2.0,0.8594490934594974,1.0,0.65,1,1,1.0,1
141,2.0,0.9494065587132036,1.0,0.5672727272727273,1,1,1.0,1
142,1.0,0.8162344433329884,1.0,0.7,1,1,1.0,1
143,1.0,0.8455603942065925,1.0,0.55,1,1,1.0,1
144,2.0,0.963739157437322,2.0,0.5327272727272727,1,1,1.0,1
145,1.0,0.799999249884721,1.0,0.65,2,2,2.0,2
146,1.0,0.9266471090199776,2.0,0.51,1,1,1.0,1
147,2.0,0.8567446573093164,1.0,0.57,1,1,1.0,1
148,2.0,0.9761303943368492,1.0,0.54,1,1,1.0,1
149,2.0,0.6721949726744145,2.0,0.55,2,2,2.0,2
150,2.0,0.992667407021807,2.0,0.52,1,1,1.0,1
151,1.0,0.7598448573781456,1.0,0.61,1,1,1.0,1
152,1.0,0.7787113210869467,1.0,0.52,1,1,1.0,1
153,2.0,0.5688221976790675,1.0,0.59,1,1,1.0,1
154,2.0,0.9276129370159962,2.0,0.6,1,1,1.0,1
155,2.0,0.9652478882771326,2.0,0.57,1,1,1.0,1
156,2.0,0.6759926443513844,1.0,0.61,1,1,1.0,1
157,1.0,0.939288670846381,2.0,0.59,1,1,1.0,1
158,2.0,0.6674666680686965,2.0,0.75,1,1,1.0,1
159,2.0,0.7775997444733997,1.0,0.75,1,1,1.0,1
160,2.0,0.9697859031222184,2.0,0.63,1,1,1.0,1
161,1.0,0.8690633670705576,1.0,0.62,1,1,1.0,1
162,2.0,0.941699016791124,1.0,0.7,1,1,1.0,1
163,2.0,0.5671200435007092,1.0,0.55,1,1,1.0,1
164,2.0,0.968936055330188,1.0,0.63,1,1,1.0,1
165,2.0,0.9090597401101972,2.0,0.5,2,2,2.0,2
166,1.0,0.6573940422058502,2.0,0.55,1,1,1.0,1
167,1.0,0.7596961736688692,1.0,0.57,1,1,1.0,1
168,1.0,0.5870021014738176,2.0,0.63,1,1,1.0,1
169,1.0,0.8725721122050436,1.0,0.69,1,1,1.0,1
170,1.0,0.8988978886467746,1.0,0.55,1,1,1.0,1
171,2.0,0.939726230212116,1.0,0.54,1,1,1.0,1
172,1.0,0.8389415080392132,1.0,0.53,1,1,1.0,1
173,2.0,0.7658485348884896,1.0,0.6,1,1,1.0,1
174,2.0,0.5831737066347584,2.0,0.5427272727272727,2,2,2.0,2
175,1.0,0.9346674969101468,1.0,0.56,1,1,1.0,1
176,1.0,0.6505985806600736,1.0,0.58,1,1,1.0,1
177,2.0,0.9784701768392768,1.0,0.64,1,1,1.0,1
178,2.0,0.8140430089710624,2.0,0.51,1,1,1.0,1
179,1.0,0.8545703111999547,2.0,0.5,2,2,2.0,2
180,1.0,0.8370554193754868,1.0,0.54,1,1,1.0,1
181,1.0,0.8966498575686799,2.0,0.5627272727272727,1,1,1.0,1
182,2.0,0.6809195668113808,2.0,0.53,1,1,1.0,1
183,1.0,0.518094334866601,1.0,0.68,2,2,2.0,2
184,1.0,0.7415807143526632,1.0,0.64,1,1,1.0,1
185,2.0,0.6355344842218353,1.0,0.58,1,1,1.0,1
186,2.0,0.6108313744087117,1.0,0.59,1,1,1.0,1
187,2.0,0.9898044554185728,1.0,0.57,1,1,1.0,1
188,2.0,0.7015595682202844,2.0,0.55,1,1,1.0,1
189,2.0,0.8746656177512935,2.0,0.5027272727272727,1,1,1.0,1
190,2.0,0.7208509298964972,2.0,0.53,1,1,1.0,1
191,1.0,0.5666026990950255,2.0,0.5127272727272727,1,1,1.0,1
192,2.0,0.9640045983421164,1.0,0.65,1,1,1.0,1
193,1.0,0.7995333199864672,1.0,0.63,1,1,1.0,1
194,2.0,0.9685882090835553,1.0,0.57,1,1,1.0,1
195,2.0,0.9685108734750628,1.0,0.6,1,1,1.0,1
196,1.0,0.5424666324429518,2.0,0.5333333333333333,2,2,2.0,2
197,1.0,0.8272467494238112,2.0,0.52,1,1,1.0,1
198,2.0,0.9964269573541534,1.0,0.53,1,1,1.0,1
199,1.0,0.7479762481578602,1.0,0.64,1,1,1.0,1
200,2.0,0.6442473866742819,1.0,0.77,1,1,1.0,1
201,1.0,0.5880058076782684,2.0,0.5727272727272728,1,1,1.0,1
202,1.0,0.8323717467512776,1.0,0.62,1,1,1.0,1
203,1.0,0.8905410043819286,1.0,0.62,1,1,1.0,1
204,1.0,0.6502066693118167,1.0,0.58,1,1,1.0,1
205,2.0,0.96811098248529,2.0,0.51,1,1,1.0,1
206,2.0,0.7811253576561443,1.0,0.68,1,1,1.0,1
207,2.0,0.795573584477359,2.0,0.54,1,1,1.0,1
208,1.0,0.7824267509144122,1.0,0.59,1,1,1.0,1
209,2.0,0.8284187534158934,1.0,0.53,1,1,1.0,1
210,2.0,0.863386660898717,2.0,0.55,1,1,1.0,1
211,1.0,0.663238461102148,2.0,0.62,1,1,1.0,1
212,2.0,0.6929574013094342,2.0,0.6,1,1,1.0,1
213,2.0,0.9279459907779966,1.0,0.54,1,1,1.0,1
214,1.0,0.9584655849150664,1.0,0.69,1,1,1.0,1
215,1.0,0.7233512321833452,1.0,0.51,1,1,1.0,1
216,1.0,0.8504145956997123,2.0,0.5,1,1,1.0,1
217,2.0,0.7025338374300027,1.0,0.55,1,1,1.0,1
218,1.0,0.9828247342668004,1.0,0.68,1,1,1.0,1
219,2.0,0.9840267525844992,2.0,0.54,1,1,1.0,1
220,1.0,0.7854512753840344,1.0,0.62,1,1,1.0,1
221,1.0,0.5695467501129926,1.0,0.56,1,1,1.0,1
222,2.0,0.9785531859476132,1.0,0.52,1,1,1.0,1
223,2.0,0.7529471313154228,2.0,0.5,1,1,1.0,1
224,2.0,0.9543207251509708,1.0,0.6,1,1,1.0,1
225,1.0,0.9667122197206922,2.0,0.5,2,2,2.0,2
226,1.0,0.9254799253565754,2.0,0.5,1,1,1.0,1
227,1.0,0.8558460305515819,1.0,0.61,1,1,1.0,1
228,2.0,0.9828657243915568,2.0,0.57,1,1,1.0,1
229,1.0,0.9094688444258144,2.0,0.52,1,1,1.0,1
230,2.0,0.9853964830611714,2.0,0.51,1,1,1.0,1
231,2.0,0.799546182924173,1.0,0.66,1,1,1.0,1
232,2.0,0.9919806811557742,1.0,0.51,1,1,1.0,1
233,1.0,0.6162184133364114,1.0,0.6772727272727272,1,1,1.0,1
234,1.0,0.6061738789085674,2.0,0.57,1,1,1.0,1
235,2.0,0.678365966488994,2.0,0.5827272727272728,2,2,2.0,2
236,1.0,0.6147023859823298,2.0,0.54,1,1,1.0,1
237,2.0,0.597529335297365,1.0,0.59,1,1,1.0,1
238,2.0,0.9706081529901296,1.0,0.55,1,1,1.0,1
239,1.0,0.900542278611394,2.0,0.53,1,1,1.0,1
240,1.0,0.5439671464895651,2.0,0.58,1,1,1.0,1
241,1.0,0.8008161765444313,2.0,0.53,1,1,1.0,1
242,1.0,0.8153130551137691,1.0,0.64,1,1,1.0,1
243,1.0,0.7896971703353006,2.0,0.59,1,1,1.0,1
244,1.0,0.7364309247775039,2.0,0.6527272727272728,1,1,1.0,1
245,1.0,0.6156625317950767,2.0,0.72,1,1,1.0,1
246,2.0,0.8922709657415737,2.0,0.51,1,1,1.0,1
247,1.0,0.6983598286291468,2.0,0.6,1,1,1.0,1
248,2.0,0.7538157394133398,1.0,0.64,1,1,1.0,1
249,2.0,0.7430493857759448,2.0,0.6527272727272728,1,1,1.0,1
250,1.0,0.7074133501652008,1.0,0.69,1,1,1.0,1
251,2.0,0.5657461304862503,1.0,0.68,1,1,1.0,1
252,2.0,0.6291492948512203,1.0,0.64,1,1,1.0,1
253,1.0,0.6991133753586309,2.0,0.66,1,1,1.0,1
254,1.0,0.8928432536527403,1.0,0.65,2,2,2.0,2
255,1.0,0.9080699448855708,1.0,0.6,1,1,1.0,1
256,2.0,0.6417629625947561,1.0,0.65,1,1,1.0,1
257,2.0,0.6299468885747099,2.0,0.53,1,1,1.0,1
258,2.0,0.9684176403127696,1.0,0.63,1,1,1.0,1
259,2.0,0.6185883505525938,1.0,0.59,1,1,1.0,1
260,1.0,0.6484395348589438,1.0,0.6,1,1,1.0,1
261,1.0,0.8540266915778224,2.0,0.55,1,1,1.0,1
262,1.0,0.7546591183131952,2.0,0.56,1,1,1.0,1
263,2.0,0.9712669493517316,1.0,0.67,1,1,1.0,1
264,2.0,0.9765180578118012,1.0,0.7,1,1,1.0,1
265,2.0,0.9094264716916918,2.0,0.5,1,1,1.0,1
266,2.0,0.8300531942606962,2.0,0.54,1,1,1.0,1
267,1.0,0.9602016235057722,2.0,0.64,1,1,1.0,1
268,2.0,0.9946425967409624,2.0,0.51,1,1,1.0,1
269,1.0,0.6712694046522076,1.0,0.54,1,1,1.0,1
270,1.0,0.8915213889044135,1.0,0.7,1,1,1.0,1
271,2.0,0.7379469505422775,2.0,0.57,2,2,2.0,2
272,2.0,0.8428733949914133,1.0,0.59,1,1,1.0,1
273,2.0,0.8272787590943821,1.0,0.66,1,1,1.0,1
274,2.0,0.8338078852709503,2.0,0.51,1,1,1.0,1
275,2.0,0.9346075260807684,2.0,0.5,2,2,2.0,2
276,2.0,0.9756061297606984,1.0,0.65,1,1,1.0,1
277,1.0,0.9813124346692466,2.0,0.6527272727272728,1,1,1.0,1
278,2.0,0.944206370591029,2.0,0.68,1,1,1.0,1
279,1.0,0.6646576420171781,1.0,0.65,1,1,1.0,1
280,2.0,0.5705967115474007,1.0,0.68,1,1,1.0,1
281,2.0,0.9038585079876544,2.0,0.69,1,1,1.0,1
282,1.0,0.8836389461017131,2.0,0.69,1,1,1.0,1
283,1.0,0.950653381075181,1.0,0.78,1,1,1.0,1
284,2.0,0.9790811512311632,2.0,0.6,1,1,1.0,1
285,1.0,0.7823905817767727,1.0,0.58,1,1,1.0,1
286,2.0,0.8282362038873359,2.0,0.58,1,1,1.0,1
287,1.0,0.7557416562881258,2.0,0.54,1,1,1.0,1
288,2.0,0.8587536683769228,2.0,0.5227272727272727,1,1,1.0,1
289,2.0,0.9641099319202948,1.0,0.52,1,1,1.0,1
290,1.0,0.6234608417021084,2.0,0.5,1,1,1.0,1
291,2.0,0.6639572322085068,2.0,0.68,1,1,1.0,1
292,1.0,0.5435776803694085,1.0,0.63,1,1,1.0,1
293,2.0,0.971911371511138,2.0,0.63,1,1,1.0,1
294,2.0,0.979468217618626,2.0,0.54,1,1,1.0,1
295,1.0,0.8799308169190321,2.0,0.59,1,1,1.0,1
296,1.0,0.8397229230584744,1.0,0.59,1,1,1.0,1
297,1.0,0.6111043356833307,2.0,0.61,1,1,1.0,1
298,2.0,0.7981906372605803,1.0,0.55,1,1,1.0,1
299,2.0,0.991430577563245,1.0,0.61,1,1,1.0,1
300,2.0,0.579463434184363,1.0,0.6,1,1,1.0,1
301,2.0,0.9182676018732084,1.0,0.52,1,1,1.0,1
302,2.0,0.8661010038143586,2.0,0.5627272727272727,1,1,1.0,1
303,1.0,0.5489443973807389,2.0,0.55,1,1,1.0,1
304,2.0,0.8273510955245544,1.0,0.56,1,1,1.0,1
305,2.0,0.536737678507698,2.0,0.52,1,1,1.0,1
306,1.0,0.5141649855956814,2.0,0.53,2,2,2.0,2
307,1.0,0.8338297332233344,1.0,0.71,1,1,1.0,1
308,2.0,0.8130050650488386,1.0,0.55,1,1,1.0,1
309,1.0,0.7160330340265686,2.0,0.52,1,1,1.0,1
310,2.0,0.903439451783933,1.0,0.57,1,1,1.0,1
311,2.0,0.9960456011558196,1.0,0.62,1,1,1.0,1
312,2.0,0.6830374801861809,2.0,0.59,1,1,1.0,1
313,1.0,0.6888456289520922,1.0,0.56,1,1,1.0,1
314,2.0,0.5437010680097174,1.0,0.56,1,1,1.0,1
315,1.0,0.7403912165893487,1.0,0.54,1,1,1.0,1
316,2.0,0.9836759411968315,2.0,0.53,1,1,1.0,1
317,1.0,0.8548067621964409,2.0,0.5427272727272727,1,1,1.0,1
318,1.0,0.9626322291075572,1.0,0.69,1,1,1.0,1
319,1.0,0.985533383440478,1.0,0.7,1,1,1.0,1
320,1.0,0.7619017996292237,1.0,0.72,1,1,1.0,1
321,2.0,0.6674819259467816,1.0,0.61,1,1,1.0,1
322,1.0,0.8423274637421027,1.0,0.58,1,1,1.0,1
323,1.0,0.9519632985540007,2.0,0.5,1,1,1.0,1
324,2.0,0.9888372590771664,2.0,0.5,1,1,1.0,1
325,2.0,0.7520776481349609,1.0,0.6,1,1,1.0,1
326,2.0,0.949448365887482,1.0,0.57,1,1,1.0,1
327,1.0,0.6132181274984635,2.0,0.54,1,1,1.0,1
328,1.0,0.6705964468434426,1.0,0.62,1,1,1.0,1
329,1.0,0.6301376835012215,1.0,0.5472727272727272,1,1,1.0,1
330,1.0,0.5597965150006782,1.0,0.51,1,1,1.0,1
331,2.0,0.9997495105938016,1.0,0.66,1,1,1.0,1
332,2.0,0.6856558771826822,1.0,0.66,1,1,1.0,1
333,1.0,0.9245783113689728,1.0,0.72,1,1,1.0,1
334,1.0,0.8444476694281818,2.0,0.52,1,1,1.0,1
335,2.0,0.865550133263865,1.0,0.64,1,1,1.0,1
336,2.0,0.6157941139488605,1.0,0.57,1,1,1.0,1
337,2.0,0.5699792813947184,1.0,0.66,1,1,1.0,1
338,1.0,0.6455419747912492,1.0,0.72,1,1,1.0,1
339,1.0,0.8719031332559574,1.0,0.62,1,1,1.0,1
340,1.0,0.6324273898482148,2.0,0.68,1,1,1.0,1
341,2.0,0.959113749937384,1.0,0.6,1,1,1.0,1
342,2.0,0.8298008639295024,2.0,0.54,2,2,2.0,2
343,2.0,0.8058096264580177,1.0,0.6,1,1,1.0,1
344,1.0,0.6531537631766241,1.0,0.65,1,1,1.0,1
345,1.0,0.8074974358494745,1.0,0.62,1,1,1.0,1
346,1.0,0.8747532734798046,1.0,0.6372727272727272,1,1,1.0,1
347,1.0,0.901138420437873,1.0,0.6272727272727273,2,2,2.0,2
348,2.0,0.7020789405396559,2.0,0.5093939393939394,1,1,1.0,1
349,2.0,0.980016169037286,1.0,0.5522727272727272,2,2,2.0,2
350,1.0,0.9392216957041948,2.0,0.55,2,2,2.0,2
351,2.0,0.8498001172298483,2.0,0.5227272727272727,1,1,1.0,1
352,1.0,0.9476155264144596,1.0,0.52,1,1,1.0,1
353,2.0,0.8923944868181471,1.0,0.7733333333333334,2,2,2.0,2
354,2.0,0.977200353876818,1.0,0.61,1,1,1.0,1
355,2.0,0.9905467038996087,1.0,0.5772727272727273,2,2,2.0,2
356,1.0,0.9286818862009728,2.0,0.5593939393939393,1,1,1.0,1
357,1.0,0.7435687887121447,1.0,0.56,1,1,1.0,1
358,2.0,0.9823100371716064,1.0,0.57,2,2,2.0,2
359,2.0,0.8219811618079285,2.0,0.5977272727272728,2,1,1.0,1
360,2.0,0.948820213650481,2.0,0.5227272727272727,2,2,2.0,2
361,2.0,0.9813607434373685,2.0,0.6127272727272728,2,2,2.0,2
362,2.0,0.9955482285976858,2.0,0.61,2,2,2.0,2
363,2.0,0.9847549892448998,1.0,0.51,2,2,2.0,2
364,1.0,0.5204941790043234,1.0,0.54,1,1,1.0,1
365,1.0,0.9061887278546312,1.0,0.54,1,1,1.0,1
366,2.0,0.9898036991847096,2.0,0.6,2,2,2.0,2
367,1.0,0.6414923876085978,2.0,0.53,2,2,2.0,2
368,2.0,0.961276752377587,1.0,0.5772727272727273,2,2,2.0,2
369,2.0,0.969219215291966,1.0,0.69,2,2,2.0,2
370,1.0,0.9725200921694914,1.0,0.58,1,1,1.0,1
371,2.0,0.995143379177874,1.0,0.59,2,2,2.0,2
372,2.0,0.9345362873345174,2.0,0.62,2,2,2.0,2
373,1.0,0.7154670692008668,2.0,0.53,2,2,2.0,2
374,1.0,0.8847299228660278,1.0,0.7133333333333334,2,2,2.0,2
375,2.0,0.995791451122116,2.0,0.53,2,2,2.0,2
376,1.0,0.8473862009908306,1.0,0.5372727272727272,2,2,2.0,2
377,2.0,0.9743986200100858,1.0,0.5772727272727273,1,1,1.0,1
378,1.0,0.9642634014721224,2.0,0.625,1,1,1.0,1
379,2.0,0.8703074160169729,2.0,0.63,2,2,2.0,2
380,2.0,0.9831686346864564,1.0,0.54,2,2,2.0,2
381,2.0,0.9837791143939324,1.0,0.6272727272727273,2,2,2.0,2
382,2.0,0.9910205792015602,2.0,0.56,2,2,2.0,2
383,2.0,0.8641682509526089,1.0,0.62,2,2,2.0,2
384,2.0,0.9850040519719436,1.0,0.5433333333333333,2,2,2.0,2
385,2.0,0.995597585850322,1.0,0.6872727272727271,2,2,2.0,2
386,2.0,0.973371226549712,2.0,0.5593939393939393,1,1,1.0,1
387,1.0,0.729483996540595,2.0,0.705,2,2,2.0,2
388,2.0,0.6682051026441524,2.0,0.66,1,1,1.0,1
389,2.0,0.8019452524322891,2.0,0.5766666666666667,1,1,1.0,1
390,2.0,0.987755314151607,2.0,0.5827272727272728,2,2,2.0,2
391,1.0,0.8778138425887724,1.0,0.56,1,1,1.0,1
392,1.0,0.6880509283570774,1.0,0.6772727272727272,1,1,1.0,1
393,1.0,0.940875783597873,1.0,0.5272727272727272,1,1,1.0,1
394,2.0,0.8474637247773532,2.0,0.505,2,2,2.0,2
395,2.0,0.803353813141614,1.0,0.5366666666666666,2,2,2.0,2
396,2.0,0.9851601563755384,1.0,0.535,1,1,1.0,1
397,1.0,0.8424104092486303,2.0,0.64,2,2,2.0,2
398,2.0,0.728329383451287,1.0,0.64,2,2,2.0,2
399,1.0,0.9342720065590034,1.0,0.585,2,2,2.0,2
400,2.0,0.992125349321235,1.0,0.5006060606060606,2,2,2.0,2
401,1.0,0.8493269391246995,1.0,0.67,1,1,1.0,1
402,2.0,0.9251180369384258,1.0,0.5172727272727272,2,2,2.0,2
403,2.0,0.9767501853649818,2.0,0.5127272727272727,2,2,2.0,2
404,1.0,0.7322818808336894,1.0,0.65,2,2,2.0,2
405,2.0,0.7168774792963508,2.0,0.56,1,1,1.0,1
406,1.0,0.7649147729650022,1.0,0.7172727272727272,2,2,2.0,2
407,2.0,0.9953765183813776,1.0,0.61,1,1,1.0,1
408,2.0,0.9726620129947025,1.0,0.54,2,2,2.0,2
409,1.0,0.7894794939617805,1.0,0.7633333333333333,2,2,2.0,2
410,2.0,0.986194704352518,1.0,0.5772727272727273,2,2,2.0,2
411,2.0,0.85087990106434,1.0,0.53,1,1,1.0,1
412,2.0,0.9813235808595948,1.0,0.68,2,2,2.0,2
413,1.0,0.8540639086829676,1.0,0.55,1,1,1.0,1
414,2.0,0.9664538326175128,1.0,0.55,2,2,2.0,2
415,1.0,0.9292340462110028,1.0,0.5133333333333333,1,1,1.0,1
416,2.0,0.9639775737642184,1.0,0.5333333333333333,2,2,2.0,2
417,2.0,0.9356798898154204,2.0,0.535,2,2,2.0,2
418,2.0,0.9954409422371832,2.0,0.5127272727272727,2,2,2.0,2
419,1.0,0.9398852301703878,1.0,0.5133333333333333,1,1,1.0,1
420,2.0,0.9573974897055249,2.0,0.5427272727272727,2,2,2.0,2
421,2.0,0.9715803081375208,1.0,0.6172727272727273,2,2,2.0,2
422,2.0,0.8995362994200237,2.0,0.5027272727272727,1,1,1.0,1
423,2.0,0.9909479983077524,2.0,0.5027272727272727,2,2,2.0,2
424,2.0,0.9786932814814926,1.0,0.58,2,2,2.0,2
425,2.0,0.98559505549823,2.0,0.5427272727272727,2,2,2.0,2
426,2.0,0.9832949322545084,2.0,0.6127272727272728,2,2,2.0,2
427,1.0,0.9439293927640876,1.0,0.69,2,1,1.0,1
428,2.0,0.9369648368784392,2.0,0.53,2,2,2.0,2
429,2.0,0.6621218894752012,1.0,0.73,1,1,1.0,1
430,2.0,0.9286728251112422,2.0,0.515,2,2,2.0,2
431,1.0,0.9463261669127664,1.0,0.57,1,1,1.0,1
432,1.0,0.781151730683666,1.0,0.5833333333333334,1,1,1.0,1
433,2.0,0.990815524746949,1.0,0.5672727272727273,2,2,2.0,2
434,2.0,0.9800919769875308,1.0,0.6372727272727272,2,2,2.0,2
435,1.0,0.6191210946174415,2.0,0.5727272727272728,2,1,1.0,1
436,1.0,0.7797825611185082,1.0,0.6072727272727273,2,2,2.0,2
437,1.0,0.977167618429541,1.0,0.53,1,1,1.0,1
438,2.0,0.9863508722107012,2.0,0.57,2,2,2.0,2
439,2.0,0.98803979419322,1.0,0.57,2,2,2.0,2
440,1.0,0.6381518956203156,2.0,0.52,2,2,2.0,2
441,2.0,0.9908470488194032,1.0,0.5172727272727272,2,2,2.0,2
442,2.0,0.5765403897196727,1.0,0.74,1,1,1.0,1
443,2.0,0.9850603734044032,1.0,0.56,1,1,1.0,1
444,2.0,0.9938775074603886,1.0,0.58,2,2,2.0,2
445,2.0,0.9920234537627,2.0,0.5127272727272727,2,2,2.0,2
446,1.0,0.8963885488067483,1.0,0.7672727272727272,1,1,1.0,1
447,2.0,0.5129360540797823,1.0,0.62,2,2,2.0,2
448,1.0,0.7620697857140646,2.0,0.56,1,1,1.0,1
449,2.0,0.9863838865457568,1.0,0.55,1,1,1.0,1
450,2.0,0.9910267510794828,2.0,0.7033333333333333,2,2,2.0,2
451,2.0,0.9882937700104584,1.0,0.6133333333333333,2,2,2.0,2
452,2.0,0.9887261109514838,1.0,0.52,2,2,2.0,2
453,2.0,0.9841672993647216,1.0,0.58,2,2,2.0,2
454,2.0,0.9711606077995538,2.0,0.5233333333333333,2,2,2.0,2
455,1.0,0.8901921881285811,1.0,0.7333333333333334,1,1,1.0,1
456,2.0,0.984596917573056,1.0,0.6156060606060606,2,2,2.0,2
457,1.0,0.9923240062102238,1.0,0.52,1,1,1.0,1
458,1.0,0.7314255227024119,2.0,0.61,2,1,1.0,1
459,2.0,0.9903622394048748,1.0,0.55,2,2,2.0,2
460,2.0,0.9750193652865085,1.0,0.54,2,2,2.0,2
461,1.0,0.9575453883227304,1.0,0.5472727272727272,2,1,1.0,1
462,1.0,0.5836512993876056,2.0,0.56,1,1,1.0,1
463,1.0,0.9703611798555368,2.0,0.5227272727272727,1,1,1.0,1
464,2.0,0.5785223643479855,2.0,0.6366666666666667,1,1,1.0,1
465,2.0,0.9954596283609148,1.0,0.65,2,2,2.0,2
466,1.0,0.5125089644447234,1.0,0.7072727272727272,1,1,1.0,1
467,2.0,0.995918691527826,1.0,0.67,2,2,2.0,2
468,2.0,0.6383668993044309,1.0,0.6,1,1,1.0,1
469,1.0,0.7978131388202662,2.0,0.56,1,1,1.0,1
470,2.0,0.9805015023363646,2.0,0.68,2,2,2.0,2
471,2.0,0.995476234673882,1.0,0.55,2,2,2.0,2
472,2.0,0.8153110542001887,2.0,0.52,2,2,2.0,2
473,1.0,0.8714294206148389,2.0,0.54,2,2,2.0,2
474,2.0,0.6974993803057923,1.0,0.58,1,1,1.0,1
475,2.0,0.9951407650986274,1.0,0.63,2,2,2.0,2
476,2.0,0.9273263739899336,1.0,0.6772727272727272,2,2,2.0,2
477,2.0,0.99217400157218,2.0,0.51,2,2,2.0,2
478,2.0,0.979845603835939,2.0,0.5377272727272727,2,2,2.0,2
479,2.0,0.9711771223074864,2.0,0.565,2,2,2.0,2
480,1.0,0.7588087361640083,2.0,0.5266666666666666,1,1,1.0,1
481,2.0,0.935256919211439,1.0,0.5472727272727272,2,2,2.0,2
482,2.0,0.549027718177699,1.0,0.7072727272727272,2,2,2.0,2
483,2.0,0.9924796105114786,1.0,0.7,2,2,2.0,2
484,1.0,0.9631781929726718,1.0,0.59,1,1,1.0,1
485,2.0,0.9764566080673251,2.0,0.53,2,2,2.0,2
486,1.0,0.5306860140700763,1.0,0.5172727272727272,1,1,1.0,1
487,1.0,0.568744581839609,1.0,0.55,1,1,1.0,1
488,2.0,0.6033190746923056,1.0,0.5372727272727272,1,1,1.0,1
489,2.0,0.989469073738198,1.0,0.58,2,2,2.0,2
490,1.0,0.5912126279903472,1.0,0.6,1,1,1.0,1
491,2.0,0.5320273146500301,1.0,0.6172727272727273,1,1,1.0,1
492,1.0,0.7951615097117363,2.0,0.5927272727272728,2,2,2.0,2
493,1.0,0.9789564830369611,2.0,0.58,2,2,2.0,2
494,1.0,0.8654586330244246,1.0,0.6172727272727273,2,2,2.0,2
495,2.0,0.8835076327810616,1.0,0.61,1,1,1.0,1
496,1.0,0.9347253156719498,2.0,0.51,2,2,2.0,2
497,2.0,0.9800766798345096,1.0,0.5606060606060607,2,2,2.0,2
498,2.0,0.921099764813062,1.0,0.5133333333333333,2,2,2.0,2
499,2.0,0.974906816758273,1.0,0.8072727272727271,2,2,2.0,2
500,1.0,0.911367759749326,1.0,0.6772727272727272,2,2,2.0,2
501,1.0,0.591981454400107,2.0,0.675,1,1,1.0,1
502,1.0,0.6292139468154895,1.0,0.58,1,1,1.0,1
503,2.0,0.990336582268224,1.0,0.58,2,2,2.0,2
504,2.0,0.968997377811106,2.0,0.58,2,2,2.0,2
505,1.0,0.5914887354878914,2.0,0.6327272727272727,1,1,1.0,1
506,1.0,0.7047441318524186,1.0,0.6033333333333333,2,2,2.0,2
507,2.0,0.9937194981597895,2.0,0.5266666666666667,2,2,2.0,2
508,2.0,0.8561307764741909,2.0,0.5,1,1,1.0,1
509,1.0,0.8579209554583341,2.0,0.5366666666666667,2,2,2.0,2
510,1.0,0.9181016474780468,2.0,0.59,1,1,1.0,1
511,1.0,0.8751104985765096,1.0,0.6333333333333333,1,1,1.0,1
512,1.0,0.955526456035939,2.0,0.66,2,2,2.0,2
513,2.0,0.6100897129914524,2.0,0.51,1,1,1.0,1
514,2.0,0.9179565759922896,2.0,0.5427272727272727,2,2,2.0,2
515,2.0,0.995054823843987,1.0,0.5372727272727272,1,1,1.0,1
516,2.0,0.9921723861726424,1.0,0.5772727272727273,2,2,2.0,2
517,2.0,0.9862486885747268,2.0,0.625,2,2,2.0,2
518,2.0,0.9987322082596276,1.0,0.55,2,2,2.0,2
519,2.0,0.9737728399027372,2.0,0.57,2,2,2.0,2
520,1.0,0.7875985617905571,2.0,0.61,1,1,1.0,1
521,1.0,0.9826930720254384,1.0,0.51,1,1,1.0,1
522,1.0,0.6124859615006606,1.0,0.57,2,2,2.0,2
523,1.0,0.5667240599335738,2.0,0.5,1,1,1.0,1
524,1.0,0.7665510034745904,1.0,0.6233333333333333,1,1,1.0,1
525,1.0,0.9728921860782744,1.0,0.51,2,1,1.0,1
526,2.0,0.5168864580799097,2.0,0.57,1,1,1.0,1
527,1.0,0.8279134223160642,1.0,0.6606060606060606,1,1,1.0,1
528,1.0,0.8740750577199863,1.0,0.61,2,2,2.0,2
529,1.0,0.8810047776744575,2.0,0.5366666666666667,1,1,1.0,1
530,2.0,0.983459025692277,1.0,0.7372727272727272,1,1,1.0,1
531,1.0,0.9659170950141408,2.0,0.7127272727272728,1,1,1.0,1
532,2.0,0.9871857760482904,2.0,0.6493939393939394,2,2,2.0,2
533,2.0,0.8328720151729821,1.0,0.54,1,1,1.0,1
534,2.0,0.7588808950827065,1.0,0.5972727272727273,1,1,1.0,1
535,2.0,0.9957229864290468,1.0,0.55,2,2,2.0,2
536,1.0,0.9882972085521844,1.0,0.6,2,2,2.0,2
537,1.0,0.9377604477023452,2.0,0.57,2,2,2.0,2
538,2.0,0.9410715471986238,1.0,0.5033333333333333,2,2,2.0,2
539,1.0,0.930706662360024,1.0,0.5272727272727272,1,1,1.0,1
540,1.0,0.7417570976250009,1.0,0.64,1,1,1.0,1
541,2.0,0.9034086991420792,1.0,0.6272727272727273,2,2,2.0,2
542,2.0,0.9448253021034032,1.0,0.5472727272727272,1,1,1.0,1
543,2.0,0.988501455166176,2.0,0.62,1,1,1.0,1
544,1.0,0.9089755375090944,1.0,0.61,1,1,1.0,1
545,1.0,0.8372139302847112,2.0,0.69,2,2,2.0,2
546,1.0,0.8230862438517771,2.0,0.58,2,2,2.0,2
547,1.0,0.7890863468573327,1.0,0.5472727272727272,1,1,1.0,1
548,1.0,0.7295247602138523,2.0,0.63,2,2,2.0,2
549,1.0,0.5041914143121805,1.0,0.59,1,1,1.0,1
550,1.0,0.937993337588665,1.0,0.59,1,1,1.0,1
551,1.0,0.5064746328575436,1.0,0.5972727272727273,1,1,1.0,1
552,2.0,0.5520550899799443,2.0,0.5,1,1,1.0,1
553,1.0,0.5308210416921499,1.0,0.6872727272727271,1,1,1.0,1
554,1.0,0.9599528308490708,2.0,0.52,1,1,1.0,1
555,2.0,0.795776768775456,2.0,0.6593939393939394,2,2,2.0,2
556,1.0,0.8009380234894072,2.0,0.5,1,1,1.0,1
557,1.0,0.9385983130178835,1.0,0.62,1,1,1.0,1
558,2.0,0.8504974019672272,1.0,0.55,1,1,1.0,1
559,2.0,0.6123112289702879,1.0,0.54,2,2,2.0,2
560,1.0,0.7370731930007729,2.0,0.52,1,1,1.0,1
561,2.0,0.9951317870746068,2.0,0.5366666666666667,2,2,2.0,2
562,2.0,0.8906683363910397,1.0,0.7133333333333334,1,2,2.0,2
563,2.0,0.9738739243025396,1.0,0.65,1,1,1.0,1
564,1.0,0.9450152097234228,1.0,0.7272727272727272,1,1,1.0,1
565,2.0,0.8793941756933381,1.0,0.5566666666666666,2,2,2.0,2
566,1.0,0.6578767408366003,2.0,0.65,2,1,1.0,1
567,2.0,0.953377327141434,2.0,0.5,2,2,2.0,2
568,1.0,0.7221721704973725,2.0,0.56,1,1,1.0,1
569,2.0,0.5663480861120362,2.0,0.58,1,1,1.0,1
570,2.0,0.9490028621679858,1.0,0.7033333333333333,2,2,2.0,2
571,1.0,0.8934560405049765,1.0,0.58,1,1,1.0,1
572,2.0,0.9703224127273165,2.0,0.6327272727272727,2,2,2.0,2
573,1.0,0.7727546920535946,1.0,0.5033333333333333,2,2,2.0,2
574,1.0,0.8133782206219133,2.0,0.6377272727272727,1,1,1.0,1
575,2.0,0.9640562070320016,2.0,0.58,2,2,2.0,2
576,2.0,0.9542456141963072,2.0,0.5577272727272727,1,1,1.0,1
577,1.0,0.977236250684182,2.0,0.53,2,2,2.0,2
578,2.0,0.9970572257602304,1.0,0.69,1,1,1.0,1
579,1.0,0.9276722058733984,2.0,0.62,2,2,2.0,2
580,2.0,0.5233165876050787,1.0,0.53,1,1,1.0,1
581,1.0,0.7122526076469681,2.0,0.57,1,1,1.0,1
582,1.0,0.88240003407489,1.0,0.53,1,1,1.0,1
583,1.0,0.58888555486581,1.0,0.53,2,2,2.0,2
584,1.0,0.9179077351856598,2.0,0.61,2,1,1.0,1
585,2.0,0.9713240990666756,1.0,0.55,1,1,1.0,1
586,2.0,0.9934756552506568,1.0,0.5766666666666667,2,2,2.0,2
587,1.0,0.6562981122642614,1.0,0.54,2,1,1.0,1
588,2.0,0.9887308746304462,1.0,0.59,2,2,2.0,2
589,1.0,0.9313120775096329,1.0,0.58,1,1,1.0,1
590,2.0,0.70944926066202,2.0,0.61,1,1,1.0,1
591,2.0,0.7212053884830052,1.0,0.5972727272727273,2,2,2.0,2
592,1.0,0.7899482506010553,2.0,0.55,1,1,1.0,1
593,1.0,0.6632675653774917,2.0,0.63,2,2,2.0,2
594,2.0,0.9996082590852556,1.0,0.65,2,2,2.0,2
595,1.0,0.8708024015849907,2.0,0.5227272727272727,2,2,2.0,2
596,2.0,0.899859105938431,1.0,0.58,2,2,2.0,2
597,2.0,0.9667837422392696,1.0,0.59,1,1,1.0,1
598,1.0,0.8738225849536657,2.0,0.59,2,1,1.0,1
599,2.0,0.9731149001898188,2.0,0.6327272727272727,2,2,2.0,2
600,2.0,0.9868967187607858,2.0,0.64,2,2,2.0,2
601,1.0,0.8727812466938892,2.0,0.52,2,2,2.0,2
602,2.0,0.9577110207888496,1.0,0.5472727272727272,2,2,2.0,2
603,2.0,0.6919964499478934,1.0,0.62,1,1,1.0,1
604,2.0,0.9885690939333804,2.0,0.5,2,2,2.0,2
605,2.0,0.942648089802976,2.0,0.5327272727272727,2,2,2.0,2
606,1.0,0.8244120252744739,1.0,0.52,1,1,1.0,1
607,1.0,0.7670788220539778,1.0,0.7072727272727272,2,2,2.0,2
608,1.0,0.8775503805961223,2.0,0.57,1,1,1.0,1
609,1.0,0.8222900398770974,2.0,0.5066666666666666,1,1,1.0,1
610,1.0,0.8240411891734011,1.0,0.55,1,1,1.0,1
611,2.0,0.9982440341724642,1.0,0.5372727272727272,2,2,2.0,2
612,2.0,0.9896639459070355,1.0,0.5872727272727273,2,1,1.0,1
613,2.0,0.771194510869561,2.0,0.63,2,1,1.0,1
614,2.0,0.5343796373757973,1.0,0.6,1,1,1.0,1
615,2.0,0.994463060605991,1.0,0.67,2,2,2.0,2
616,2.0,0.9922061108006164,2.0,0.5327272727272727,2,2,2.0,2
617,1.0,0.6103643545254102,1.0,0.5972727272727273,2,2,2.0,2
618,2.0,0.6515068975977576,1.0,0.5372727272727272,2,2,2.0,2
619,2.0,0.9754191796768908,1.0,0.58,2,2,2.0,2
620,1.0,0.8090621116424462,1.0,0.66,1,1,1.0,1
621,2.0,0.9878693894701722,2.0,0.63,2,2,2.0,2
622,2.0,0.9873059661404062,1.0,0.61,2,2,2.0,2
623,1.0,0.9033120702940672,1.0,0.5972727272727273,1,1,1.0,1
624,1.0,0.8720162998398762,2.0,0.51,2,2,2.0,2
625,2.0,0.9788963003479804,2.0,0.64,1,1,1.0,1
626,2.0,0.9854706830054382,2.0,0.56,2,2,2.0,2
627,1.0,0.8481335725901904,1.0,0.59,1,1,1.0,1
628,2.0,0.9977536603806344,2.0,0.62,2,2,2.0,2
629,1.0,0.6891163643830145,2.0,0.61,1,1,1.0,1
630,2.0,0.9891866090291314,1.0,0.5272727272727272,2,2,2.0,2
631,1.0,0.966391921693949,1.0,0.6533333333333333,1,1,1.0,1
632,2.0,0.992850897310192,1.0,0.5672727272727273,2,2,2.0,2
633,1.0,0.8784291785879661,2.0,0.54,2,1,1.0,1
634,1.0,0.9192406239885382,2.0,0.64,1,1,1.0,1
635,2.0,0.9829081732630294,1.0,0.64,1,1,1.0,1
636,2.0,0.9967199668159648,1.0,0.6033333333333333,2,2,2.0,2
637,2.0,0.6554434475252908,2.0,0.69,2,2,2.0,2
638,1.0,0.8605397951265094,2.0,0.6427272727272728,1,1,1.0,1
639,1.0,0.7908152309154703,1.0,0.6272727272727273,2,2,2.0,2
640,1.0,0.9558204326420288,2.0,0.55,1,1,1.0,1
641,2.0,0.982871221250448,2.0,0.6027272727272728,2,2,2.0,2
642,1.0,0.7704846266741228,2.0,0.56,1,1,1.0,1
643,2.0,0.79622331446536,1.0,0.66,1,1,1.0,1
644,2.0,0.8564129880740676,2.0,0.5666666666666667,2,2,2.0,2
645,2.0,0.6187770521253653,1.0,0.6172727272727273,2,2,2.0,2
646,2.0,0.5159065759979382,2.0,0.6466666666666666,2,2,2.0,2
647,2.0,0.7407782020229017,2.0,0.64,2,2,2.0,2
648,2.0,0.7886898249974356,1.0,0.6172727272727273,1,1,1.0,1
649,1.0,0.8510305702887704,2.0,0.5627272727272727,1,1,1.0,1
650,1.0,0.8929184317771018,2.0,0.59,2,1,1.0,1
651,2.0,0.9643536402882,1.0,0.5222727272727272,2,2,2.0,2
652,2.0,0.9955669921637624,1.0,0.6272727272727273,2,2,2.0,2
653,2.0,0.99654981048947,2.0,0.56,2,2,2.0,2
654,1.0,0.9388010315946416,2.0,0.69,1,1,1.0,1
655,2.0,0.995008007643968,1.0,0.5272727272727272,2,2,2.0,2
656,2.0,0.986943848210103,2.0,0.59,2,2,2.0,2
657,1.0,0.974076005866632,2.0,0.5166666666666666,1,1,1.0,1
658,1.0,0.7439102896476959,2.0,0.5166666666666666,1,1,1.0,1
659,1.0,0.9940048044222042,2.0,0.62,2,2,2.0,2
660,2.0,0.7596970005566319,2.0,0.51,2,1,1.0,1
661,2.0,0.7933686937244177,1.0,0.6606060606060606,1,1,1.0,1
662,1.0,0.5645719213035086,2.0,0.5127272727272727,1,1,1.0,1
663,2.0,0.9592471400790892,2.0,0.51,2,2,2.0,2
664,2.0,0.9826738777617232,2.0,0.5827272727272728,2,2,2.0,2
665,1.0,0.8367561809653877,1.0,0.5572727272727273,1,1,1.0,1
666,2.0,0.9968836359660068,2.0,0.5,2,2,2.0,2
667,1.0,0.5076879031233057,1.0,0.5072727272727273,1,1,1.0,1
668,2.0,0.8737148917457456,2.0,0.5993939393939394,1,1,1.0,1
669,2.0,0.9765467922328234,1.0,0.71,1,1,1.0,1
670,2.0,0.7190427299320135,1.0,0.5622727272727273,1,1,1.0,1
671,2.0,0.993837415112249,2.0,0.6466666666666666,2,2,2.0,2
672,1.0,0.657630028414974,2.0,0.52,2,1,1.0,1
673,1.0,0.7694265989430014,1.0,0.56,1,1,1.0,1
674,1.0,0.7104216983323001,2.0,0.51,2,2,2.0,2
675,1.0,0.762508783496273,2.0,0.5293939393939394,2,2,2.0,2
676,1.0,0.8231803819297685,1.0,0.65,1,1,1.0,1
677,1.0,0.5665624986144367,1.0,0.5572727272727273,2,2,2.0,2
678,1.0,0.6693622772409817,1.0,0.5972727272727273,1,1,1.0,1
679,2.0,0.9880409273605726,2.0,0.6427272727272728,2,2,2.0,2
680,2.0,0.8984637242013904,2.0,0.6127272727272728,2,1,1.0,1
681,2.0,0.6926253576668868,2.0,0.52,1,1,1.0,1
682,2.0,0.9409987052818612,2.0,0.51,2,2,2.0,2
683,2.0,0.9931675991708742,1.0,0.6906060606060607,2,2,2.0,2
684,1.0,0.5142688711244947,2.0,0.5027272727272727,1,1,1.0,1
685,1.0,0.7611621835896759,2.0,0.6277272727272727,1,1,1.0,1
686,1.0,0.9184850002219398,1.0,0.57,2,2,2.0,2
687,2.0,0.9044376307651044,2.0,0.53,2,2,2.0,2
688,1.0,0.8365488944189705,2.0,0.5666666666666668,2,2,2.0,2
689,2.0,0.9432111738356524,1.0,0.58,2,2,2.0,2
690,2.0,0.8844690528308712,1.0,0.5472727272727272,1,1,1.0,1
691,2.0,0.9864435137399352,1.0,0.5733333333333334,2,2,2.0,2
692,2.0,0.9956938763843438,2.0,0.5927272727272728,2,2,2.0,2
693,2.0,0.9944628493263136,1.0,0.55,2,2,2.0,2
694,2.0,0.9881696813757108,1.0,0.5033333333333333,2,2,2.0,2
695,1.0,0.850062681299782,1.0,0.6072727272727273,1,1,1.0,1
696,2.0,0.7514947544395976,2.0,0.51,1,1,1.0,1
697,1.0,0.9212906689695812,2.0,0.6027272727272728,1,1,1.0,1
698,2.0,0.6409708556602676,1.0,0.5633333333333334,2,1,1.0,1
699,1.0,0.6146016777620227,1.0,0.57,1,1,1.0,1
700,2.0,0.9624586208617748,1.0,0.5572727272727273,2,2,2.0,2
701,1.0,0.944619885219054,1.0,0.5172727272727272,1,1,1.0,1
702,1.0,0.636534916735438,1.0,0.6172727272727273,1,1,1.0,1
703,2.0,0.8065372876878361,2.0,0.6166666666666667,1,1,1.0,1
704,2.0,0.9552578320348925,1.0,0.62,1,1,1.0,1
705,1.0,0.731973586898992,2.0,0.55,1,1,1.0,1
706,1.0,0.8412306157090832,2.0,0.7366666666666666,2,2,2.0,2
707,2.0,0.8394338710564023,2.0,0.7766666666666666,1,1,1.0,1
708,1.0,0.8865033707599979,2.0,0.58,1,1,1.0,1
709,1.0,0.603843397638667,1.0,0.5033333333333333,2,2,2.0,2
710,1.0,0.973168286647777,1.0,0.5672727272727273,1,1,1.0,1
711,1.0,0.9655772689173404,2.0,0.59,1,1,1.0,1
712,2.0,0.5960181020113676,2.0,0.61,1,1,1.0,1
713,1.0,0.9393321087320248,1.0,0.66,1,1,1.0,1
714,1.0,0.8993429572310631,2.0,0.5233333333333333,1,1,1.0,1
715,1.0,0.5384023758305427,1.0,0.64,1,1,1.0,1
716,1.0,0.7224450151422291,1.0,0.56,1,1,1.0,1
717,1.0,0.8653879392567676,1.0,0.67,1,1,1.0,1
718,1.0,0.7980431581559997,1.0,0.57,1,1,1.0,1
719,1.0,0.8731704832941704,1.0,0.51,1,1,1.0,1
720,2.0,0.539178076578594,1.0,0.5833333333333334,1,1,1.0,1
721,1.0,0.91980403789862,1.0,0.5933333333333333,1,1,1.0,1
722,2.0,0.7494171247663953,1.0,0.52,1,1,1.0,1
723,1.0,0.5566933963140193,2.0,0.51,1,1,1.0,1
724,2.0,0.5800146388374969,2.0,0.64,1,1,1.0,1
725,1.0,0.719562589663686,1.0,0.5033333333333333,2,1,1.0,1
726,2.0,0.5070879786815756,2.0,0.69,2,2,2.0,2
727,1.0,0.8724173650497633,1.0,0.72,2,1,1.0,1
728,1.0,0.9102858285847786,2.0,0.66,1,1,1.0,1
729,2.0,0.6212118430715419,1.0,0.58,1,1,1.0,1
730,1.0,0.930986897634492,2.0,0.6366666666666667,1,1,1.0,1
731,1.0,0.6120569936914149,2.0,0.69,1,1,1.0,1
732,1.0,0.975082561742742,2.0,0.6333333333333333,1,1,1.0,1
733,2.0,0.5516457113459139,1.0,0.69,1,1,1.0,1
734,1.0,0.9764685669872596,2.0,0.58,1,1,1.0,1
735,1.0,0.8400150252308268,1.0,0.5333333333333333,2,2,2.0,2
736,2.0,0.5758341443873805,1.0,0.705,1,1,1.0,1
737,1.0,0.6971360775233727,2.0,0.6966666666666665,1,1,1.0,1
738,1.0,0.634102634320937,2.0,0.7233333333333334,2,2,2.0,2
739,1.0,0.9721994729771768,2.0,0.8366666666666666,1,1,1.0,1
740,2.0,0.7460042542779313,2.0,0.68,2,2,2.0,2
741,1.0,0.7918781381153688,1.0,0.5483333333333333,1,1,1.0,1
742,1.0,0.7051587452745668,1.0,0.63,2,2,2.0,2
743,2.0,0.9223225038545072,2.0,0.51,1,1,1.0,1
744,2.0,0.962594585664672,2.0,0.8266666666666665,2,2,2.0,2
745,1.0,0.7022168257730744,1.0,0.5933333333333333,2,2,2.0,2
746,1.0,0.7896423998344887,2.0,0.67,1,1,1.0,1
747,1.0,0.5043861504021895,1.0,0.6,1,1,1.0,1
748,2.0,0.5591270271444035,1.0,0.6,2,2,2.0,2
749,1.0,0.9859013289284352,1.0,0.62,1,1,1.0,1
750,2.0,0.7678191488964559,2.0,0.7366666666666666,2,2,2.0,2
751,1.0,0.91881040993727,2.0,0.56,2,1,1.0,1
752,1.0,0.9400440647963572,1.0,0.5066666666666666,1,1,1.0,1
753,1.0,0.6735338537570753,2.0,0.58,1,1,1.0,1
754,1.0,0.5543548226439612,1.0,0.57,2,2,2.0,2
755,2.0,0.6019392319651944,1.0,0.72,2,2,2.0,2
756,1.0,0.6784385100912261,2.0,0.75,1,1,1.0,1
757,1.0,0.6068767479146516,2.0,0.6166666666666667,2,2,2.0,2
758,1.0,0.6681315800140671,2.0,0.68,1,1,1.0,1
759,2.0,0.9841815183049964,1.0,0.565,2,2,2.0,2
760,1.0,0.951044801647721,2.0,0.7,2,2,2.0,2
761,1.0,0.6368476607815362,2.0,0.5766666666666667,2,2,2.0,2
762,1.0,0.8117542543344012,1.0,0.6133333333333333,1,1,1.0,1
763,1.0,0.6118720406865362,2.0,0.59,2,2,2.0,2
764,1.0,0.8695468342521839,1.0,0.72,2,1,1.0,1
765,1.0,0.8517419352075535,2.0,0.52,1,1,1.0,1
766,1.0,0.9322968384304936,2.0,0.57,1,1,1.0,1
767,1.0,0.8930399682477891,2.0,0.6366666666666666,1,1,1.0,1
768,2.0,0.7350402026802489,2.0,0.7,1,1,1.0,1
769,1.0,0.5439176197511432,2.0,0.73,2,2,2.0,2
770,2.0,0.9628448532055576,2.0,0.7366666666666666,2,2,2.0,2
771,1.0,0.944920536048803,1.0,0.56,1,1,1.0,1
772,1.0,0.877787719277532,2.0,0.5783333333333334,1,1,1.0,1
773,1.0,0.7858738671589294,1.0,0.5433333333333333,2,2,2.0,2
774,1.0,0.6386666424028967,1.0,0.79,1,1,1.0,1
775,1.0,0.7824027315363513,1.0,0.61,1,1,1.0,1
776,1.0,0.9322211769328644,2.0,0.65,1,1,1.0,1
777,2.0,0.8368392380168159,2.0,0.5366666666666667,1,1,1.0,1
778,1.0,0.6738590166538923,1.0,0.56,2,2,2.0,2
779,1.0,0.9808485467540174,1.0,0.6,1,1,1.0,1
780,1.0,0.945792123919505,2.0,0.84,2,1,1.0,1
781,1.0,0.8330708259312711,1.0,0.7733333333333334,1,1,1.0,1
782,1.0,0.7663468651863518,2.0,0.55,1,1,1.0,1
783,1.0,0.8866829246538674,2.0,0.5566666666666668,1,1,1.0,1
784,1.0,0.922702156257163,1.0,0.5633333333333332,1,1,1.0,1
785,2.0,0.9625616642760418,2.0,0.77,2,2,2.0,2
786,2.0,0.7378475835851885,2.0,0.7566666666666666,1,1,1.0,1
787,1.0,0.8044757502481111,1.0,0.5433333333333333,1,1,1.0,1
788,2.0,0.7234244023604501,2.0,0.5466666666666667,1,1,1.0,1
789,1.0,0.9336845081097978,1.0,0.67,1,1,1.0,1
790,1.0,0.8583528512647877,2.0,0.51,1,1,1.0,1
791,1.0,0.6061862358963966,2.0,0.87,2,2,2.0,2
792,1.0,0.7959360400062744,1.0,0.6933333333333335,1,1,1.0,1
793,1.0,0.6334201626306027,2.0,0.57,2,1,1.0,1
794,2.0,0.6463215108736433,1.0,0.7233333333333334,1,1,1.0,1
795,1.0,0.9728313121063912,1.0,0.6233333333333334,1,1,1.0,1
796,1.0,0.7424963977697842,2.0,0.6133333333333334,2,2,2.0,2
797,1.0,0.705397026689829,2.0,0.73,1,1,1.0,1
798,1.0,0.8230796693437021,1.0,0.52,2,2,2.0,2
799,1.0,0.9369158704520276,1.0,0.73,1,1,1.0,1
800,1.0,0.5628831670886794,2.0,0.6666666666666667,1,1,1.0,1
801,1.0,0.5389433686809277,1.0,0.52,1,1,1.0,1
802,2.0,0.8139721427100469,2.0,0.72,2,2,2.0,2
803,2.0,0.6050283872818977,1.0,0.5933333333333333,1,1,1.0,1
804,2.0,0.5829229167465924,2.0,0.8366666666666666,2,2,2.0,2
805,1.0,0.7942612906147968,2.0,0.7133333333333334,1,1,1.0,1
806,2.0,0.8364016961237877,1.0,0.61,1,1,1.0,1
807,1.0,0.9093419185170007,1.0,0.57,2,2,2.0,2
808,1.0,0.8057450011284077,2.0,0.515,1,1,1.0,1
809,1.0,0.952204887263897,1.0,0.55,1,1,1.0,1
810,2.0,0.695722264424772,1.0,0.51,2,2,2.0,2
811,1.0,0.7925847626739586,1.0,0.52,2,1,1.0,1
812,1.0,0.7392034871695701,2.0,0.61,2,2,2.0,2
813,1.0,0.6165412960617757,2.0,0.6116666666666667,2,2,2.0,2
814,2.0,0.5842726710820871,1.0,0.5333333333333333,1,1,1.0,1
815,1.0,0.7174160992817453,1.0,0.52,1,1,1.0,1
816,2.0,0.7058379680576086,1.0,0.6606060606060606,2,2,2.0,2
817,1.0,0.7087610643270148,2.0,0.62,1,1,1.0,1
818,2.0,0.965993172971458,1.0,0.51,1,1,1.0,1
819,1.0,0.6181557056003857,1.0,0.6733333333333333,1,1,1.0,1
820,1.0,0.9406021261605124,2.0,0.54,1,1,1.0,1
821,1.0,0.6631892278857113,2.0,0.54,1,1,1.0,1
822,1.0,0.8648082921075788,1.0,0.5006060606060606,1,1,1.0,1
823,1.0,0.7652000942024015,1.0,0.5572727272727273,1,1,1.0,1
824,2.0,0.8895551226212803,2.0,0.51,1,1,1.0,1
825,1.0,0.5731587095841707,2.0,0.7266666666666666,1,1,1.0,1
826,1.0,0.8960869614463571,2.0,0.72,1,1,1.0,1
827,2.0,0.5209015334131357,1.0,0.5333333333333333,1,1,1.0,1
828,2.0,0.654251489427022,1.0,0.5306060606060606,2,1,1.0,1
829,1.0,0.5887465848982004,1.0,0.6,1,1,1.0,1
830,2.0,0.6421898172005509,2.0,0.6733333333333335,2,2,2.0,2
831,2.0,0.952697230346026,1.0,0.6133333333333333,1,1,1.0,1
832,2.0,0.626196786406387,2.0,0.7366666666666666,2,2,2.0,2
833,1.0,0.900490200735637,2.0,0.5166666666666667,1,1,1.0,1
834,2.0,0.9149971913977332,2.0,0.5,1,1,1.0,1
835,2.0,0.89801892185804,1.0,0.58,1,1,1.0,1
836,1.0,0.740952489742866,2.0,0.5866666666666667,1,1,1.0,1
837,1.0,0.6739848482768838,2.0,0.5633333333333334,1,1,1.0,1
838,1.0,0.904061616133634,2.0,0.66,1,1,1.0,1
839,1.0,0.826708916409449,2.0,0.79,1,1,1.0,1
840,2.0,0.6649149868376216,2.0,0.84,2,1,1.0,1
841,2.0,0.8787492387495526,1.0,0.6272727272727273,1,1,1.0,1
842,1.0,0.9485059047669804,2.0,0.52,2,2,2.0,2
843,2.0,0.998983836097779,1.0,0.575,2,2,2.0,2
844,2.0,0.964092593888303,2.0,0.75,2,2,2.0,2
845,1.0,0.949843138307778,2.0,0.585,1,1,1.0,1
846,2.0,0.9089457655377372,1.0,0.52,2,2,2.0,2
847,1.0,0.5113706384561307,1.0,0.65,1,1,1.0,1
848,1.0,0.9398605906860013,1.0,0.6033333333333334,1,1,1.0,1
849,2.0,0.8640037356787182,2.0,0.73,2,2,2.0,2
850,1.0,0.9885108193156292,1.0,0.6,1,1,1.0,1
851,1.0,0.7038615893940956,2.0,0.6766666666666665,1,1,1.0,1
852,2.0,0.8170530861226151,1.0,0.82,1,1,1.0,1
853,1.0,0.9829357178974484,2.0,0.5366666666666666,1,1,1.0,1
854,2.0,0.5073662187755819,2.0,0.7166666666666666,1,1,1.0,1
855,1.0,0.7181812693423542,1.0,0.58,1,1,1.0,1
856,1.0,0.6162183006580745,2.0,0.79,2,2,2.0,2
857,1.0,0.9396671145563258,1.0,0.6033333333333333,1,1,1.0,1
858,1.0,0.9168664710959388,2.0,0.62,2,2,2.0,2
859,2.0,0.7532578916856657,1.0,0.62,1,1,1.0,1
860,1.0,0.7779175195456784,2.0,0.5666666666666667,2,2,2.0,2
861,2.0,0.5090236668459607,2.0,0.8366666666666666,1,1,1.0,1
862,1.0,0.6753560799030758,2.0,0.52,2,2,2.0,2
863,1.0,0.9625546725367666,1.0,0.52,1,1,1.0,1
864,1.0,0.976764958035816,2.0,0.85,1,1,1.0,1
865,1.0,0.6823783966685238,2.0,0.6866666666666665,2,2,2.0,2
866,2.0,0.7157544269814237,1.0,0.5683333333333334,2,2,2.0,2
867,1.0,0.7185493466493867,2.0,0.6733333333333335,2,2,2.0,2
868,1.0,0.5676508132616227,1.0,0.6672727272727272,1,1,1.0,1
869,1.0,0.6884869158610623,1.0,0.6,1,1,1.0,1
870,1.0,0.6491069974020103,1.0,0.53,1,1,1.0,1
871,2.0,0.5099416533553649,1.0,0.65,1,1,1.0,1
872,2.0,0.5048501154719431,2.0,0.51,1,1,1.0,1
873,1.0,0.6716987353668883,1.0,0.57,1,1,1.0,1
874,1.0,0.8719705837656704,1.0,0.5366666666666666,1,1,1.0,1
875,2.0,0.9993431439213336,2.0,0.8,2,2,2.0,2
876,2.0,0.784603521314278,2.0,0.5566666666666666,1,1,1.0,1
877,2.0,0.6019644040365303,1.0,0.62,2,1,1.0,1
878,1.0,0.5658801227190091,1.0,0.6,1,1,1.0,1
879,1.0,0.8152598451192768,1.0,0.52,1,1,1.0,1
880,2.0,0.6804047398170323,1.0,0.66,1,1,1.0,1
881,1.0,0.7700652200673325,1.0,0.59,1,1,1.0,1
882,1.0,0.9477680857947623,2.0,0.51,1,1,1.0,1
883,1.0,0.9775262292565304,2.0,0.53,1,1,1.0,1
884,1.0,0.7884056168258532,2.0,0.5366666666666666,1,1,1.0,1
885,1.0,0.560116595981048,1.0,0.5306060606060606,1,1,1.0,1
886,1.0,0.9715218808940426,2.0,0.8766666666666666,1,1,1.0,1
887,2.0,0.5829656027910748,1.0,0.65,1,1,1.0,1
888,1.0,0.9007097925707086,2.0,0.52,1,1,1.0,1
889,1.0,0.6977818807611432,2.0,0.525,1,1,1.0,1
890,1.0,0.9430116180886786,2.0,0.75,1,1,1.0,1
891,1.0,0.8444371217024862,2.0,0.5666666666666668,2,2,2.0,2
892,1.0,0.9749476810583958,2.0,0.52,1,1,1.0,1
893,1.0,0.5139540218893369,1.0,0.7,1,1,1.0,1
894,2.0,0.7661662718147431,2.0,0.6216666666666666,2,2,2.0,2
895,2.0,0.7791802568035746,2.0,0.68,1,1,1.0,1
896,1.0,0.5501858595589006,1.0,0.53,2,1,1.0,1
897,1.0,0.8775816306138277,2.0,0.59,2,2,2.0,2
898,1.0,0.9165601171547296,1.0,0.53,1,1,1.0,1
899,1.0,0.6903111360252827,1.0,0.5033333333333333,1,1,1.0,1
900,1.0,0.978647786390766,1.0,0.54,1,1,1.0,1
901,1.0,0.9290945783396696,2.0,0.6666666666666667,1,1,1.0,1
902,2.0,0.8317112104514439,2.0,0.55,1,1,1.0,1
903,1.0,0.814905625918998,1.0,0.54,1,1,1.0,1
904,2.0,0.641381397766118,1.0,0.73,2,2,2.0,2
905,2.0,0.7102095727688624,1.0,0.8472727272727272,1,1,1.0,1
906,1.0,0.8079488752675646,1.0,0.67,1,1,1.0,1
907,1.0,0.5460474295292882,2.0,0.63,1,1,1.0,1
908,1.0,0.8072590383285928,1.0,0.5633333333333332,1,1,1.0,1
909,1.0,0.9295957175189136,1.0,0.6833333333333335,1,1,1.0,1
910,1.0,0.7216900416130926,1.0,0.7872727272727272,1,1,1.0,1
911,2.0,0.5224645004239403,1.0,0.73,1,1,1.0,1
912,2.0,0.6268445029087599,2.0,0.52,1,1,1.0,1
913,1.0,0.8459370988254697,2.0,0.63,1,1,1.0,1
914,1.0,0.8206564711882195,1.0,0.5633333333333334,1,1,1.0,1
915,1.0,0.6056397830816383,2.0,0.5566666666666666,1,1,1.0,1
916,1.0,0.8894654947036293,1.0,0.76,1,1,1.0,1
917,1.0,0.5220049753927887,1.0,0.58,1,1,1.0,1
918,1.0,0.9661284840423842,1.0,0.7,1,1,1.0,1
919,1.0,0.7533254195002989,2.0,0.54,1,1,1.0,1
920,1.0,0.9334133145512844,2.0,0.55,1,1,1.0,1
921,2.0,0.8255417581314468,1.0,0.57,2,1,1.0,1
922,2.0,0.9933068753828792,2.0,0.6366666666666667,2,2,2.0,2
923,1.0,0.6782026023246556,1.0,0.6433333333333333,1,1,1.0,1
924,2.0,0.6780134835831612,2.0,0.535,1,1,1.0,1
925,1.0,0.9086956167624154,1.0,0.61,2,2,2.0,2
926,1.0,0.9383251352232336,1.0,0.81,1,1,1.0,1
927,1.0,0.9733715353738718,2.0,0.75,1,1,1.0,1
928,2.0,0.9967205134474366,2.0,0.6233333333333334,2,2,2.0,2
929,1.0,0.6745496853822172,1.0,0.59,1,1,1.0,1
930,2.0,0.8181635907171165,1.0,0.67,1,1,1.0,1
931,2.0,0.6130343761552142,2.0,0.7766666666666666,1,1,1.0,1
932,1.0,0.8022000076560452,1.0,0.6056060606060606,1,1,1.0,1
933,1.0,0.8895107026140836,2.0,0.51,1,1,1.0,1
934,2.0,0.9605014321564148,2.0,0.86,2,2,2.0,2
935,2.0,0.7765257620647367,2.0,0.6733333333333335,1,1,1.0,1
936,2.0,0.669206861398762,1.0,0.56,1,1,1.0,1
937,2.0,0.912474077356036,1.0,0.6472727272727272,1,1,1.0,1
938,2.0,0.6749633933047243,1.0,0.53,1,1,1.0,1
939,1.0,0.869509635458489,2.0,0.72,1,1,1.0,1
940,2.0,0.929143493410659,1.0,0.52,1,1,1.0,1
941,2.0,0.6244601504623462,1.0,0.56,1,1,1.0,1
942,1.0,0.9781018328087924,2.0,0.5766666666666667,1,1,1.0,1
943,1.0,0.9936669585485776,1.0,0.63,1,1,1.0,1
944,1.0,0.9599921884964516,1.0,0.55,1,1,1.0,1
945,1.0,0.6747929646755407,1.0,0.525,1,1,1.0,1
946,1.0,0.856752548423252,2.0,0.53,2,2,2.0,2
947,1.0,0.7380474325581231,2.0,0.7166666666666666,1,1,1.0,1
948,1.0,0.8756953751158293,1.0,0.74,1,1,1.0,1
949,1.0,0.9799945996214878,1.0,0.63,1,1,1.0,1
950,1.0,0.9583705144535272,1.0,0.57,1,1,1.0,1
951,1.0,0.8221029549124967,1.0,0.575,1,1,1.0,1
952,2.0,0.8342152172651609,2.0,0.66,2,2,2.0,2
953,1.0,0.9548720091547572,1.0,0.6272727272727273,2,2,2.0,2
954,2.0,0.8404081430306015,1.0,0.7422727272727272,2,1,1.0,1
955,1.0,0.713493708458913,1.0,0.67,1,1,1.0,1
956,1.0,0.8168384601439026,2.0,0.7366666666666666,1,1,1.0,1
957,2.0,0.5238577575964709,2.0,0.68,2,2,2.0,2
958,2.0,0.8038945625667377,1.0,0.63,1,1,1.0,1
959,1.0,0.7941892850012046,2.0,0.58,1,1,1.0,1
960,2.0,0.7582886040410669,2.0,0.61,1,1,1.0,1
961,2.0,0.7090256731153,2.0,0.7866666666666666,2,2,2.0,2
962,1.0,0.7452108831804405,2.0,0.63,2,1,1.0,1
963,1.0,0.6453196549368063,1.0,0.5033333333333334,1,1,1.0,1
964,2.0,0.9324577273338482,2.0,0.5066666666666667,1,1,1.0,1
965,2.0,0.6698318404523016,1.0,0.51,1,1,1.0,1
966,1.0,0.6418526063634757,2.0,0.53,2,2,2.0,2
967,1.0,0.9253689117720908,1.0,0.65,1,1,1.0,1
968,1.0,0.7628800275070095,1.0,0.58,1,1,1.0,1
969,1.0,0.7365697329267367,2.0,0.76,1,1,1.0,1
970,1.0,0.6353110242883226,1.0,0.68,2,2,2.0,2
971,2.0,0.5410130114328778,1.0,0.51,2,1,1.0,1
972,1.0,0.686853575443422,2.0,0.54,1,1,1.0,1
973,2.0,0.9444362804746732,2.0,0.61,1,1,1.0,1
974,2.0,0.6015969711666587,1.0,0.7072727272727272,1,1,1.0,1
975,1.0,0.8766064328760329,2.0,0.65,1,1,1.0,1
976,1.0,0.9217702525146948,2.0,0.56,1,1,1.0,1
977,1.0,0.7081429042495422,1.0,0.63,1,1,1.0,1
978,2.0,0.5557042804451413,1.0,0.7033333333333335,1,1,1.0,1
979,1.0,0.7833812856580162,2.0,0.55,1,1,1.0,1
980,2.0,0.9526565698736728,2.0,0.67,2,2,2.0,2
981,2.0,0.8618820487353234,1.0,0.5833333333333334,1,1,1.0,1
982,2.0,0.6931847879495903,1.0,0.56,2,2,2.0,2
983,1.0,0.8883660072351764,1.0,0.53,1,1,1.0,1
984,1.0,0.8672081258024806,1.0,0.66,1,1,1.0,1
985,1.0,0.5015667200476196,1.0,0.5433333333333333,1,1,1.0,1
986,1.0,0.7142814446467022,1.0,0.7,2,2,2.0,2
987,1.0,0.8939711725352727,2.0,0.7,2,2,2.0,2
988,1.0,0.9125747756605088,1.0,0.82,1,1,1.0,1
989,1.0,0.6077736451215975,2.0,0.71,2,2,2.0,2
990,1.0,0.7525030345107285,1.0,0.7333333333333334,1,1,1.0,1
991,2.0,0.7356044720103994,2.0,0.73,1,1,1.0,1
992,2.0,0.9136270846586884,1.0,0.65,1,1,1.0,1
993,2.0,0.5120226464483167,2.0,0.65,1,1,1.0,1
994,1.0,0.9774124892949492,1.0,0.65,1,1,1.0,1
995,1.0,0.947599291213098,2.0,0.5116666666666666,2,2,2.0,2
996,1.0,0.8811552975859668,1.0,0.53,1,1,1.0,1
997,1.0,0.8004842503694728,2.0,0.67,2,2,2.0,2
998,2.0,0.6769329929206558,1.0,0.6772727272727272,2,2,2.0,2
999,2.0,0.6733881936404098,1.0,0.51,1,1,1.0,1
1000,1.0,0.8492667608757755,1.0,0.6533333333333334,1,1,1.0,1
1001,1.0,0.690474632404756,1.0,0.66,1,1,1.0,1
1002,2.0,0.5884524805870054,1.0,0.69,1,1,1.0,1
1003,1.0,0.8732193125361908,2.0,0.6766666666666665,2,2,2.0,2
1004,2.0,0.99109099553614,2.0,0.6966666666666665,2,2,2.0,2
1005,1.0,0.90190139940612,2.0,0.5166666666666667,2,1,1.0,1
1006,1.0,0.9357680512958616,2.0,0.6,1,1,1.0,1
1007,1.0,0.7606932822428121,1.0,0.67,1,1,1.0,1
1008,1.0,0.8133499170906425,2.0,0.53,1,1,1.0,1
1009,1.0,0.9616058189182356,1.0,0.61,1,1,1.0,1
1010,1.0,0.9361789183489444,2.0,0.79,1,1,1.0,1
1011,2.0,0.5201664996991587,1.0,0.59,1,1,1.0,1
1012,1.0,0.6474936221757726,1.0,0.56,1,1,1.0,1
1013,2.0,0.7082928172465726,1.0,0.5833333333333334,2,2,2.0,2
1014,2.0,0.6446181880942378,2.0,0.6466666666666666,1,1,1.0,1
1015,1.0,0.880817431506152,2.0,0.6933333333333335,2,2,2.0,2
1016,1.0,0.6703282487098382,2.0,0.505,2,2,2.0,2
1017,2.0,0.6427088922090858,1.0,0.66,1,1,1.0,1
1018,2.0,0.591212544958535,2.0,0.51,1,1,1.0,1
1019,2.0,0.5528941053721236,2.0,0.52,2,2,2.0,2
1020,1.0,0.9987216591205408,1.0,0.65,1,1,1.0,1
1021,2.0,0.911209656848154,2.0,0.7166666666666666,2,2,2.0,2
1022,1.0,0.8870066743956129,2.0,0.61,1,1,1.0,1
1023,1.0,0.7384354518711083,2.0,0.62,2,1,1.0,1
1024,1.0,0.5235611182801589,1.0,0.5133333333333333,1,1,1.0,1
1025,1.0,0.9068471079821836,1.0,0.51,1,1,1.0,1
1026,2.0,0.6938447635589711,2.0,0.6166666666666667,1,1,1.0,1
1027,1.0,0.9279506342181686,1.0,0.51,1,1,1.0,1
1028,1.0,0.905972543770744,2.0,0.6633333333333334,1,1,1.0,1
1029,2.0,0.8745866333092092,2.0,0.71,2,2,2.0,2
1030,2.0,0.9425339639741136,2.0,0.59,1,1,1.0,1
1031,1.0,0.8369638440307844,1.0,0.52,1,1,1.0,1
1032,1.0,0.8560500735169865,2.0,0.6766666666666665,2,2,2.0,2
1033,1.0,0.6163432033109372,1.0,0.51,1,1,1.0,1
1034,1.0,0.7983926897767477,2.0,0.51,1,1,1.0,1
1035,2.0,0.7440030298495888,1.0,0.74,1,1,1.0,1
1036,1.0,0.8849288143987664,1.0,0.66,1,1,1.0,1
1037,1.0,0.7097680705614707,2.0,0.51,1,1,1.0,1
1038,1.0,0.7571205120081405,2.0,0.59,2,2,2.0,2
1039,1.0,0.6999507190859597,1.0,0.5933333333333333,1,1,1.0,1
1040,2.0,0.5081307557371315,2.0,0.6,1,1,1.0,1
1041,1.0,0.6830476239388815,2.0,0.84,1,1,1.0,1
1042,2.0,0.6486827377725932,1.0,0.68,1,1,1.0,1
1043,1.0,0.9287021229056502,1.0,0.74,2,2,2.0,2
1044,1.0,0.7416419148438191,1.0,0.5066666666666666,2,2,2.0,2
1045,2.0,0.7708593631884859,1.0,0.77,1,1,1.0,1
1046,1.0,0.9129932809648182,1.0,0.575,1,1,1.0,1
1047,2.0,0.8041854795651283,2.0,0.55,2,2,2.0,2
1048,2.0,0.563211953126542,1.0,0.71,1,1,1.0,1
1049,1.0,0.8849899644466184,1.0,0.62,1,1,1.0,1
1050,2.0,0.5776179838513726,1.0,0.615,1,1,1.0,1
1051,2.0,0.901284345005964,2.0,0.58,1,1,1.0,1
1052,1.0,0.5089492141369166,2.0,0.57,2,1,1.0,1
1053,1.0,0.8989068176244933,1.0,0.66,1,1,1.0,1
1054,2.0,0.9702657916644168,2.0,0.7166666666666666,2,2,2.0,2
1055,1.0,0.5771361436109015,1.0,0.6933333333333335,1,1,1.0,1
1056,1.0,0.9547723166323108,2.0,0.5166666666666667,1,1,1.0,1
1057,2.0,0.6500600274164086,2.0,0.6,2,2,2.0,2
1058,1.0,0.79749521211614,1.0,0.59,1,1,1.0,1
1059,1.0,0.7705968394633784,2.0,0.62,2,2,2.0,2
1060,1.0,0.6032445473379847,2.0,0.74,2,2,2.0,2
1061,2.0,0.9979848729279682,1.0,0.605,2,2,2.0,2
1062,1.0,0.5234161325047922,1.0,0.72,2,1,1.0,1
1063,1.0,0.9506922664945976,1.0,0.5633333333333332,1,1,1.0,1
1064,1.0,0.9117753276890987,2.0,0.5066666666666667,1,1,1.0,1
1065,1.0,0.9036591471740278,2.0,0.75,2,2,2.0,2
1066,1.0,0.800255898190952,2.0,0.8,2,2,2.0,2
1067,2.0,0.635555872491445,2.0,0.51,1,1,1.0,1
